-- phpMyAdmin SQL Dump
-- version 5.0.4
-- https://www.phpmyadmin.net/
--
-- Хост: 127.0.0.1:3306
-- Время создания: Сен 21 2021 г., 18:00
-- Версия сервера: 8.0.19
-- Версия PHP: 7.1.33

SET SQL_MODE = "NO_AUTO_VALUE_ON_ZERO";
START TRANSACTION;
SET time_zone = "+00:00";


/*!40101 SET @OLD_CHARACTER_SET_CLIENT=@@CHARACTER_SET_CLIENT */;
/*!40101 SET @OLD_CHARACTER_SET_RESULTS=@@CHARACTER_SET_RESULTS */;
/*!40101 SET @OLD_COLLATION_CONNECTION=@@COLLATION_CONNECTION */;
/*!40101 SET NAMES utf8mb4 */;

--
-- База данных: `bank`
--

-- --------------------------------------------------------

--
-- Структура таблицы `audit_log`
--

CREATE TABLE `audit_log` (
  `id` int NOT NULL,
  `client` int NOT NULL,
  `tup` int NOT NULL,
  `hous` text NOT NULL
) ENGINE=InnoDB DEFAULT CHARSET=utf8;

--
-- Дамп данных таблицы `audit_log`
--

INSERT INTO `audit_log` (`id`, `client`, `tup`, `hous`) VALUES
(10, 4565, 7, 'root@127.0.0.1'),
(11, 4565, 6, 'root@127.0.0.1'),
(12, 4565, 7, 'root@127.0.0.1'),
(13, 4565, 6, 'root@127.0.0.1'),
(14, 4565, 7, 'root@127.0.0.1'),
(15, 4565, 6, 'root@127.0.0.1'),
(16, 4565, 7, 'root@127.0.0.1'),
(17, 4565, 6, 'root@127.0.0.1'),
(36, 4565, 7, 'root@127.0.0.1'),
(37, 4565, 6, 'root@127.0.0.1'),
(38, 109, 7, 'root@127.0.0.1'),
(39, 109, 6, 'root@127.0.0.1'),
(40, 109, 7, 'root@127.0.0.1'),
(41, 109, 6, 'root@127.0.0.1'),
(42, 109, 7, 'root@127.0.0.1'),
(43, 109, 6, 'root@127.0.0.1');

-- --------------------------------------------------------

--
-- Структура таблицы `bank`
--

CREATE TABLE `bank` (
  `id` int NOT NULL,
  `name` varchar(50) NOT NULL,
  `type` int NOT NULL,
  `fund` int NOT NULL,
  `operations` tinyint(1) NOT NULL,
  `service` int NOT NULL
) ENGINE=InnoDB DEFAULT CHARSET=utf8;

--
-- Дамп данных таблицы `bank`
--

INSERT INTO `bank` (`id`, `name`, `type`, `fund`, `operations`, `service`) VALUES
(1, 'Тиньков', 1, 1, 0, 2),
(2, 'Яндекс ДЕньги', 3, 2, 1, 2),
(3, 'Вебмани', 4, 4, 0, 2),
(4, 'Пей пал', 2, 2, 1, 3);

-- --------------------------------------------------------

--
-- Структура таблицы `client`
--

CREATE TABLE `client` (
  `id` int NOT NULL,
  `last_name` varchar(50) NOT NULL,
  `name` varchar(50) NOT NULL,
  `patronymic` varchar(50) NOT NULL,
  `organization` varchar(50) CHARACTER SET utf8 COLLATE utf8_general_ci DEFAULT NULL,
  `type` tinyint(1) NOT NULL,
  `phone_number` int NOT NULL,
  `number` int NOT NULL,
  `date_open` date NOT NULL
) ENGINE=InnoDB DEFAULT CHARSET=utf8;

--
-- Дамп данных таблицы `client`
--

INSERT INTO `client` (`id`, `last_name`, `name`, `patronymic`, `organization`, `type`, `phone_number`, `number`, `date_open`) VALUES
(1, '', '', '', NULL, 0, 0, 4565, '2021-09-08'),
(2, 'Наумов', 'Юрий', 'Юрий', 'ДОНТУ', 1, 4545, 109, '2021-09-08'),
(3, 'Белов', 'Анна', 'Ирина', NULL, 0, 4545, 949, '2021-09-08'),
(4, 'Иванов', 'Ирина', 'Никита', NULL, 0, 4545, 563, '2021-09-08'),
(5, 'Сорока', 'Алёна', 'Влада', NULL, 0, 4545, 263, '2021-09-08'),
(6, 'Петренко', 'Никита', 'Алёна', NULL, 0, 4545, 350, '2021-09-08'),
(7, 'Белов', 'Анна', 'Ирина', NULL, 0, 4545, 953, '2021-09-08'),
(8, 'Наумов', 'Юрий', 'Юрий', NULL, 0, 4545, 19, '2021-09-08'),
(9, 'Токин', 'Николай', 'Никита', NULL, 0, 4545, 546, '2021-09-08'),
(10, 'Петренко', 'Никита', 'Алёна', NULL, 0, 4545, 439, '2021-09-08'),
(11, 'Шкуренко', 'Влада', 'Влада', NULL, 0, 4545, 194, '2021-09-08'),
(12, 'Власов', 'Алексей', 'Николай', NULL, 0, 4545, 832, '2021-09-08'),
(13, 'Белов', 'Анна', 'Ирина', NULL, 0, 4545, 925, '2021-09-08'),
(14, 'Иванов', 'Ирина', 'Никита', NULL, 0, 4545, 625, '2021-09-08'),
(15, 'Токин', 'Николай', 'Никита', NULL, 0, 4545, 518, '2021-09-08'),
(16, 'Петренко', 'Никита', 'Алёна', NULL, 0, 4545, 411, '2021-09-08'),
(17, 'Наумов', 'Юрий', 'Юрий', NULL, 0, 4545, 25, '2021-09-08'),
(18, 'Петренко', 'Никита', 'Алёна', NULL, 0, 4545, 359, '2021-09-08'),
(19, 'Белов', 'Анна', 'Ирина', NULL, 0, 4545, 997, '2021-09-08'),
(20, 'Наумов', 'Юрий', 'Юрий', NULL, 0, 4545, 63, '2021-09-08'),
(21, 'Петренко', 'Никита', 'Алёна', NULL, 0, 4545, 345, '2021-09-08'),
(22, 'Иванов', 'Ирина', 'Никита', NULL, 0, 4545, 594, '2021-09-08'),
(23, 'Волков', 'Евгений', 'Николай', NULL, 0, 4545, 735, '2021-09-08'),
(24, 'Петренко', 'Никита', 'Алёна', NULL, 0, 4545, 349, '2021-09-08'),
(25, 'Наумов', 'Юрий', 'Юрий', NULL, 0, 4545, 49, '2021-09-08'),
(26, 'Сорока', 'Алёна', 'Влада', NULL, 0, 4545, 328, '2021-09-08'),
(27, 'Волков', 'Евгений', 'Николай', NULL, 0, 4545, 769, '2021-09-08'),
(28, 'Петренко', 'Никита', 'Алёна', NULL, 0, 4545, 383, '2021-09-08'),
(29, 'Наумов', 'Юрий', 'Юрий', NULL, 0, 4545, 83, '2021-09-08'),
(30, 'Петренко', 'Никита', 'Алёна', NULL, 0, 4545, 418, '2021-09-08'),
(31, 'Волков', 'Евгений', 'Николай', NULL, 0, 4545, 721, '2021-09-08'),
(32, 'Шкуренко', 'Влада', 'Юрий', NULL, 0, 4545, 173, '2021-09-08'),
(33, 'Власов', 'Алексей', 'Ирина', NULL, 0, 4545, 862, '2021-09-08'),
(34, 'Шкуренко', 'Влада', 'Юрий', NULL, 0, 4545, 121, '2021-09-08'),
(35, 'Петренко', 'Никита', 'Алёна', NULL, 0, 4545, 369, '2021-09-08'),
(36, 'Иванов', 'Ирина', 'Никита', NULL, 0, 4545, 617, '2021-09-08'),
(37, 'Токин', 'Николай', 'Никита', NULL, 0, 4545, 510, '2021-09-08'),
(38, 'Волков', 'Евгений', 'Николай', NULL, 0, 4545, 759, '2021-09-08'),
(39, 'Сорока', 'Алёна', 'Влада', NULL, 0, 4545, 297, '2021-09-08'),
(40, 'Волков', 'Евгений', 'Николай', NULL, 0, 4545, 707, '2021-09-08'),
(41, 'Белов', 'Анна', 'Ирина', NULL, 0, 4545, 986, '2021-09-08'),
(42, 'Иванов', 'Ирина', 'Никита', NULL, 0, 4545, 600, '2021-09-08'),
(43, 'Власов', 'Алексей', 'Ирина', NULL, 0, 4545, 848, '2021-09-08'),
(44, 'Волков', 'Евгений', 'Николай', NULL, 0, 4545, 741, '2021-09-08'),
(45, 'Иванов', 'Ирина', 'Никита', NULL, 0, 4545, 634, '2021-09-08'),
(46, 'Сорока', 'Алёна', 'Влада', NULL, 0, 4545, 248, '2021-09-08'),
(47, 'Власов', 'Алексей', 'Ирина', NULL, 0, 4545, 883, '2021-09-08'),
(48, 'Токин', 'Николай', 'Алёна', NULL, 0, 4545, 496, '2021-09-08'),
(49, 'Волков', 'Евгений', 'Николай', NULL, 0, 4545, 776, '2021-09-08'),
(50, 'Белов', 'Анна', 'Ирина', NULL, 0, 4545, 938, '2021-09-08'),
(51, 'Наумов', 'Юрий', 'Юрий', NULL, 0, 4545, 35, '2021-09-08'),
(52, 'Власов', 'Алексей', 'Николай', NULL, 0, 4545, 831, '2021-09-08'),
(53, 'Сорока', 'Алёна', 'Влада', NULL, 0, 4545, 283, '2021-09-08'),
(54, 'Наумов', 'Юрий', 'Юрий', NULL, 0, 4545, 90, '2021-09-08'),
(55, 'Сорока', 'Алёна', 'Влада', NULL, 0, 4545, 338, '2021-09-08'),
(56, 'Наумов', 'Юрий', 'Юрий', NULL, 0, 4545, 38, '2021-09-08'),
(57, 'Белов', 'Анна', 'Ирина', NULL, 0, 4545, 920, '2021-09-08'),
(58, 'Петренко', 'Никита', 'Алёна', NULL, 0, 4545, 372, '2021-09-08'),
(59, 'Белов', 'Анна', 'Ирина', NULL, 0, 4545, 975, '2021-09-08'),
(60, 'Сорока', 'Алёна', 'Влада', NULL, 0, 4545, 266, '2021-09-08'),
(61, 'Токин', 'Николай', 'Никита', NULL, 0, 4545, 514, '2021-09-08'),
(62, 'Волков', 'Евгений', 'Николай', NULL, 0, 4545, 675, '2021-09-08'),
(63, 'Волков', 'Евгений', 'Николай', NULL, 0, 4545, 762, '2021-09-08'),
(64, 'Петренко', 'Никита', 'Алёна', NULL, 0, 4545, 376, '2021-09-08'),
(65, 'Власов', 'Алексей', 'Николай', NULL, 0, 4545, 817, '2021-09-08'),
(66, 'Наумов', 'Юрий', 'Юрий', NULL, 0, 4545, 107, '2021-09-08'),
(67, 'Волков', 'Евгений', 'Николай', NULL, 0, 4545, 710, '2021-09-08'),
(68, 'Петренко', 'Никита', 'Алёна', NULL, 0, 4545, 355, '2021-09-08'),
(69, 'Шкуренко', 'Влада', 'Юрий', NULL, 0, 4545, 162, '2021-09-08'),
(70, 'Волков', 'Евгений', 'Николай', NULL, 0, 4545, 765, '2021-09-08'),
(71, 'Наумов', 'Юрий', 'Юрий', NULL, 0, 4545, 55, '2021-09-08'),
(73, 'Сорока', 'Алёна', 'Влада', NULL, 0, 4545, 337, '2021-09-08'),
(74, 'Власов', 'Алексей', 'Николай', NULL, 0, 4545, 816, '2021-09-08'),
(75, 'Сорока', 'Алёна', 'Влада', NULL, 0, 4545, 268, '2021-09-08'),
(76, 'Сорока', 'Алёна', 'Влада', NULL, 0, 4545, 247, '2021-09-08'),
(77, 'Шкуренко', 'Влада', 'Влада', NULL, 0, 4545, 216, '2021-09-08'),
(78, 'Власов', 'Алексей', 'Ирина', NULL, 0, 4545, 850, '2021-09-08'),
(79, 'Белов', 'Анна', 'Ирина', NULL, 0, 4545, 937, '2021-09-08'),
(80, 'Волков', 'Евгений', 'Николай', NULL, 0, 4545, 744, '2021-09-08'),
(81, 'Токин', 'Николай', 'Никита', NULL, 0, 4545, 550, '2021-09-08'),
(82, 'Белов', 'Анна', 'Ирина', NULL, 0, 4545, 992, '2021-09-08'),
(83, 'Иванов', 'Ирина', 'Никита', NULL, 0, 4545, 606, '2021-09-08'),
(85, 'Сорока', 'Алёна', 'Влада', NULL, 0, 4545, 327, '2021-09-08'),
(86, 'Власов', 'Алексей', 'Ирина', NULL, 0, 4545, 861, '2021-09-08'),
(87, 'Сорока', 'Алёна', 'Влада', NULL, 0, 4545, 313, '2021-09-08'),
(88, 'Петренко', 'Никита', 'Алёна', NULL, 0, 4545, 399, '2021-09-08'),
(89, 'Шкуренко', 'Влада', 'Влада', NULL, 0, 4545, 206, '2021-09-08'),
(90, 'Волков', 'Евгений', 'Николай', NULL, 0, 4545, 702, '2021-09-08'),
(91, 'Иванов', 'Ирина', 'Никита', NULL, 0, 4545, 596, '2021-09-08'),
(92, 'Шкуренко', 'Влада', 'Влада', NULL, 0, 4545, 209, '2021-09-08'),
(93, 'Сорока', 'Алёна', 'Влада', NULL, 0, 4545, 296, '2021-09-08'),
(94, 'Наумов', 'Юрий', 'Юрий', NULL, 0, 4545, 103, '2021-09-08'),
(95, 'Токин', 'Николай', 'Никита', NULL, 0, 4545, 544, '2021-09-08'),
(96, 'Иванов', 'Ирина', 'Никита', NULL, 0, 4545, 630, '2021-09-08'),
(97, 'Иванов', 'Ирина', 'Никита', NULL, 0, 4545, 599, '2021-09-08'),
(98, 'Власов', 'Алексей', 'Ирина', NULL, 0, 4545, 878, '2021-09-08'),
(99, 'Волков', 'Евгений', 'Николай', NULL, 0, 4545, 685, '2021-09-08'),
(100, 'Токин', 'Николай', 'Алёна', NULL, 0, 4545, 492, '2021-09-08'),
(101, 'Сорока', 'Алёна', 'Влада', NULL, 0, 4545, 299, '2021-09-08'),
(102, 'Иванов', 'Ирина', 'Никита', NULL, 0, 4545, 578, '2021-09-08'),
(103, 'Наумов', 'Юрий', 'Юрий', NULL, 0, 4545, 30, '2021-09-08'),
(104, 'Власов', 'Алексей', 'Николай', NULL, 0, 4545, 826, '2021-09-08'),
(105, 'Петренко', 'Никита', 'Алёна', NULL, 0, 4545, 440, '2021-09-08'),
(106, 'Волков', 'Евгений', 'Николай', NULL, 0, 4545, 720, '2021-09-08'),
(107, 'Токин', 'Николай', 'Никита', NULL, 0, 4545, 527, '2021-09-08'),
(108, 'Шкуренко', 'Влада', 'Юрий', NULL, 0, 4545, 140, '2021-09-08'),
(109, 'Шкуренко', 'Влада', 'Влада', NULL, 0, 4545, 227, '2021-09-08'),
(110, 'Шкуренко', 'Влада', 'Юрий', NULL, 0, 4545, 120, '2021-09-08'),
(111, 'Петренко', 'Никита', 'Алёна', NULL, 0, 4545, 368, '2021-09-08'),
(112, 'Иванов', 'Ирина', 'Никита', NULL, 0, 4545, 616, '2021-09-08'),
(113, 'Петренко', 'Никита', 'Алёна', NULL, 0, 4545, 423, '2021-09-08'),
(114, 'Сорока', 'Алёна', 'Влада', NULL, 0, 4545, 230, '2021-09-08'),
(115, 'Власов', 'Алексей', 'Ирина', NULL, 0, 4545, 864, '2021-09-08'),
(116, 'Волков', 'Евгений', 'Николай', NULL, 0, 4545, 671, '2021-09-08'),
(117, 'Токин', 'Николай', 'Алёна', NULL, 0, 4545, 478, '2021-09-08'),
(118, 'Иванов', 'Ирина', 'Никита', NULL, 0, 4545, 564, '2021-09-08'),
(120, 'Петренко', 'Никита', 'Алёна', NULL, 0, 4545, 446, '2021-09-08'),
(121, 'Петренко', 'Никита', 'Алёна', NULL, 0, 4545, 398, '2021-09-08'),
(122, 'Шкуренко', 'Влада', 'Юрий', NULL, 0, 4545, 129, '2021-09-08'),
(123, 'Токин', 'Николай', 'Никита', NULL, 0, 4545, 539, '2021-09-08'),
(125, 'Токин', 'Николай', 'Алёна', NULL, 0, 4545, 244036, '2021-09-08'),
(126, 'Власов', 'Алексей', 'Ирина', NULL, 0, 4545, 749956, '2021-09-08'),
(127, 'Белов', 'Анна', 'Ирина', NULL, 0, 4545, 906304, '2021-09-08'),
(128, 'Волков', 'Евгений', 'Николай', NULL, 0, 4545, 576081, '2021-09-08'),
(129, 'Петренко', 'Никита', 'Алёна', NULL, 0, 4545, 139129, '2021-09-08'),
(130, 'Токин', 'Николай', 'Алёна', NULL, 0, 4545, 210681, '2021-09-08'),
(131, 'Петренко', 'Никита', 'Алёна', NULL, 0, 4545, 124609, '2021-09-08'),
(132, 'Волков', 'Евгений', 'Николай', NULL, 0, 4545, 580644, '2021-09-08'),
(133, 'Власов', 'Алексей', 'Ирина', NULL, 0, 4545, 720801, '2021-09-08'),
(134, 'Иванов', 'Ирина', 'Никита', NULL, 0, 4545, 430336, '2021-09-08'),
(135, 'Наумов', 'Юрий', 'Юрий', NULL, 0, 4545, 11664, '2021-09-08'),
(136, 'Белов', 'Анна', 'Ирина', NULL, 0, 4545, 817216, '2021-09-08'),
(137, 'Петренко', 'Никита', 'Алёна', NULL, 0, 4545, 126736, '2021-09-08'),
(138, 'Петренко', 'Никита', 'Алёна', NULL, 0, 4545, 195364, '2021-09-08'),
(139, 'Власов', 'Алексей', 'Ирина', NULL, 0, 4545, 779689, '2021-09-08'),
(140, 'Шкуренко', 'Влада', 'Влада', NULL, 0, 4545, 38809, '2021-09-08'),
(141, 'Сорока', 'Алёна', 'Влада', NULL, 0, 4545, 80656, '2021-09-08'),
(142, 'Сорока', 'Алёна', 'Влада', NULL, 0, 4545, 63504, '2021-09-08'),
(143, 'Шкуренко', 'Влада', 'Юрий', NULL, 0, 4545, 21025, '2021-09-08'),
(144, 'Наумов', 'Юрий', 'Юрий', NULL, 0, 4545, 1521, '2021-09-08'),
(145, 'Сорока', 'Алёна', 'Влада', NULL, 0, 4545, 82369, '2021-09-08'),
(147, 'Петренко', 'Никита', 'Алёна', NULL, 0, 4545, 196249, '2021-09-08'),
(148, 'Иванов', 'Ирина', 'Никита', NULL, 0, 4545, 386884, '2021-09-08'),
(149, 'Петренко', 'Никита', 'Алёна', NULL, 0, 4545, 142129, '2021-09-08'),
(150, 'Белов', 'Анна', 'Ирина', NULL, 0, 4545, 921600, '2021-09-08'),
(151, 'Власов', 'Алексей', 'Ирина', NULL, 0, 4545, 727609, '2021-09-08'),
(152, 'Шкуренко', 'Влада', 'Юрий', NULL, 0, 4545, 27889, '2021-09-08'),
(153, 'Петренко', 'Никита', 'Алёна', NULL, 0, 4545, 172225, '2021-09-08'),
(154, 'Наумов', 'Юрий', 'Юрий', NULL, 0, 4545, 13225, '2021-09-08'),
(155, 'Шкуренко', 'Влада', 'Влада', NULL, 0, 4545, 40804, '2021-09-08'),
(156, 'Белов', 'Анна', 'Ирина', NULL, 0, 4545, 793881, '2021-09-08'),
(157, 'Власов', 'Алексей', 'Николай', NULL, 0, 4545, 614656, '2021-09-08'),
(158, 'Власов', 'Алексей', 'Ирина', NULL, 0, 4545, 703921, '2021-09-08'),
(159, 'Токин', 'Николай', 'Никита', NULL, 0, 4545, 290521, '2021-09-08'),
(160, 'Сорока', 'Алёна', 'Влада', NULL, 0, 4545, 57121, '2021-09-08'),
(161, 'Белов', 'Анна', 'Ирина', NULL, 0, 4545, 863041, '2021-09-08'),
(162, 'Петренко', 'Никита', 'Алёна', NULL, 0, 4545, 190096, '2021-09-08'),
(163, 'Сорока', 'Алёна', 'Влада', NULL, 0, 4545, 108241, '2021-09-08'),
(164, 'Шкуренко', 'Влада', 'Влада', NULL, 0, 4545, 49284, '2021-09-08'),
(165, 'Иванов', 'Ирина', 'Никита', NULL, 0, 4545, 443556, '2021-09-08'),
(166, 'Иванов', 'Ирина', 'Никита', NULL, 0, 4545, 313600, '2021-09-08'),
(167, 'Иванов', 'Ирина', 'Никита', NULL, 0, 4545, 378225, '2021-09-08'),
(168, 'Власов', 'Алексей', 'Ирина', NULL, 0, 4545, 744769, '2021-09-08'),
(169, 'Петренко', 'Никита', 'Алёна', NULL, 0, 4545, 160801, '2021-09-08'),
(170, 'Токин', 'Николай', 'Алёна', NULL, 0, 4545, 207936, '2021-09-08'),
(171, 'Власов', 'Алексей', 'Николай', NULL, 0, 4545, 624100, '2021-09-08'),
(172, 'Петренко', 'Никита', 'Алёна', NULL, 0, 4545, 147456, '2021-09-08'),
(173, 'Белов', 'Анна', 'Ирина', NULL, 0, 4545, 974169, '2021-09-08'),
(174, 'Сорока', 'Алёна', 'Влада', NULL, 0, 4545, 60516, '2021-09-08'),
(175, 'Белов', 'Анна', 'Ирина', NULL, 0, 4545, 874225, '2021-09-08'),
(176, 'Петренко', 'Никита', 'Алёна', NULL, 0, 4545, 149769, '2021-09-08'),
(177, 'Волков', 'Евгений', 'Николай', NULL, 0, 4545, 519841, '2021-09-08'),
(178, 'Белов', 'Анна', 'Ирина', NULL, 0, 4545, 938961, '2021-09-08'),
(179, 'Наумов', 'Юрий', 'Юрий', NULL, 0, 4545, 1225, '2021-09-08'),
(181, 'Иванов', 'Ирина', 'Никита', NULL, 0, 4545, 291280, '2021-09-08'),
(182, 'Иванов', 'Ирина', 'Никита', NULL, 0, 4545, 232706, '2021-09-08'),
(183, 'Белов', 'Анна', 'Ирина', NULL, 0, 4545, 712614, '2021-09-08'),
(184, 'Шкуренко', 'Влада', 'Юрий', NULL, 0, 4545, 4560, '2021-09-08'),
(185, 'Шкуренко', 'Влада', 'Влада', NULL, 0, 4545, 10143, '2021-09-08'),
(186, 'Иванов', 'Ирина', 'Никита', NULL, 0, 4545, 273456, '2021-09-08'),
(187, 'Белов', 'Анна', 'Ирина', NULL, 0, 4545, 720384, '2021-09-08'),
(188, 'Петренко', 'Никита', 'Алёна', NULL, 0, 4545, 43500, '2021-09-08'),
(189, 'Шкуренко', 'Влада', 'Юрий', NULL, 0, 4545, 4805, '2021-09-08'),
(191, 'Сорока', 'Алёна', 'Влада', NULL, 0, 4545, 303, '2021-09-08'),
(192, 'Наумов', 'Юрий', 'Юрий', NULL, 0, 4545, 134, '2021-09-08'),
(193, 'Петренко', 'Никита', 'Алёна', NULL, 0, 4545, 551, '2021-09-08'),
(194, 'Власов', 'Алексей', 'Ирина', NULL, 0, 4545, 1531, '2021-09-08'),
(195, 'Иванов', 'Ирина', 'Никита', NULL, 0, 4545, 1053, '2021-09-08'),
(196, 'Сорока', 'Алёна', 'Влада', NULL, 0, 4545, 325, '2021-09-08'),
(197, 'Белов', 'Анна', 'Ирина', NULL, 0, 4545, 1680, '2021-09-08'),
(198, 'Волков', 'Евгений', 'Николай', NULL, 0, 4545, 1182, '2021-09-08'),
(199, 'Власов', 'Алексей', 'Николай', NULL, 0, 4545, 1395, '2021-09-08'),
(200, 'Белов', 'Анна', 'Ирина', NULL, 0, 4545, 1836, '2021-09-08'),
(201, 'Сорока', 'Алёна', 'Влада', NULL, 0, 4545, 294, '2021-09-08'),
(202, 'Власов', 'Алексей', 'Ирина', NULL, 0, 4545, 1539, '2021-09-08'),
(203, 'Иванов', 'Ирина', 'Никита', NULL, 0, 4545, 1060, '2021-09-08'),
(204, 'Наумов', 'Юрий', 'Юрий', NULL, 0, 4545, 113, '2021-09-08'),
(205, 'Сорока', 'Алёна', 'Влада', NULL, 0, 4545, 300, '2021-09-08'),
(207, 'Токин', 'Николай', 'Алёна', NULL, 0, 4545, 698, '2021-09-08'),
(208, 'Наумов', 'Юрий', 'Юрий', NULL, 0, 4545, 82, '2021-09-08'),
(209, 'Власов', 'Алексей', 'Ирина', NULL, 0, 4545, 1614, '2021-09-08'),
(210, 'Токин', 'Николай', 'Никита', NULL, 0, 4545, 773, '2021-09-08'),
(211, 'Сорока', 'Алёна', 'Влада', NULL, 0, 4545, 422, '2021-09-08'),
(212, 'Шкуренко', 'Влада', 'Юрий', NULL, 0, 4545, 147, '2021-09-08'),
(213, 'Белов', 'Анна', 'Ирина', NULL, 0, 4545, 1767, '2021-09-08'),
(215, 'Иванов', 'Ирина', 'Никита', NULL, 0, 4545, 103486, '2021-09-08'),
(216, 'Сорока', 'Алёна', 'Влада', NULL, 0, 4545, 36056, '2021-09-08'),
(217, 'Сорока', 'Алёна', 'Влада', NULL, 0, 4545, 32852, '2021-09-08'),
(218, 'Белов', 'Анна', 'Ирина', NULL, 0, 4545, 187382, '2021-09-08'),
(219, 'Петренко', 'Никита', 'Алёна', NULL, 0, 4545, 47436, '2021-09-08'),
(220, 'Сорока', 'Алёна', 'Влада', NULL, 0, 4545, 38803, '2021-09-08'),
(221, 'Токин', 'Николай', 'Алёна', NULL, 0, 4545, 67613, '2021-09-08'),
(222, 'Волков', 'Евгений', 'Николай', NULL, 0, 4545, 122172, '2021-09-08'),
(223, 'Петренко', 'Никита', 'Алёна', NULL, 0, 4545, 63658, '2021-09-08'),
(224, 'Наумов', 'Юрий', 'Юрий', NULL, 0, 4545, 5395, '2021-09-08'),
(225, 'Шкуренко', 'Влада', 'Юрий', NULL, 0, 4545, 15768, '2021-09-08'),
(226, 'Белов', 'Анна', 'Ирина', NULL, 0, 4545, 183274, '2021-09-08'),
(227, 'Волков', 'Евгений', 'Николай', NULL, 0, 4545, 130752, '2021-09-08'),
(228, 'Власов', 'Алексей', 'Ирина', NULL, 0, 4545, 153277, '2021-09-08'),
(229, 'Власов', 'Алексей', 'Николай', NULL, 0, 4545, 144948, '2021-09-08'),
(230, 'Сорока', 'Алёна', 'Влада', NULL, 0, 4545, 31212, '2021-09-08'),
(231, 'Иванов', 'Ирина', 'Никита', NULL, 0, 4545, 93311, '2021-09-08'),
(232, 'Наумов', 'Юрий', 'Юрий', NULL, 0, 4545, 3500, '2021-09-08'),
(233, 'Власов', 'Алексей', 'Ирина', NULL, 0, 4545, 154159, '2021-09-08'),
(234, 'Иванов', 'Ирина', 'Никита', NULL, 0, 4545, 105724, '2021-09-08'),
(235, 'Наумов', 'Юрий', 'Юрий', NULL, 0, 4545, 9748, '2021-09-08'),
(236, 'Белов', 'Анна', 'Ирина', NULL, 0, 4545, 169361, '2021-09-08'),
(237, 'Петренко', 'Никита', 'Алёна', NULL, 0, 4545, 45598, '2021-09-08'),
(238, 'Иванов', 'Ирина', 'Никита', NULL, 0, 4545, 94030, '2021-09-08'),
(239, 'Власов', 'Алексей', 'Ирина', NULL, 0, 4545, 163613, '2021-09-08'),
(240, 'Волков', 'Евгений', 'Николай', NULL, 0, 4545, 113817, '2021-09-08'),
(241, 'Токин', 'Николай', 'Алёна', NULL, 0, 4545, 71639, '2021-09-08'),
(242, 'Белов', 'Анна', 'Ирина', NULL, 0, 4545, 179205, '2021-09-08'),
(243, 'Волков', 'Евгений', 'Николай', NULL, 0, 4545, 127235, '2021-09-08'),
(244, 'Власов', 'Алексей', 'Николай', NULL, 0, 4545, 149513, '2021-09-08'),
(245, 'Белов', 'Анна', 'Ирина', NULL, 0, 4545, 195414, '2021-09-08'),
(246, 'Наумов', 'Юрий', 'Юрий', NULL, 0, 4545, 7720, '2021-09-08'),
(247, 'Власов', 'Алексей', 'Ирина', NULL, 0, 4545, 164520, '2021-09-08'),
(248, 'Токин', 'Николай', 'Никита', NULL, 0, 4545, 78614, '2021-09-08'),
(249, 'Сорока', 'Алёна', 'Влада', NULL, 0, 4545, 42693, '2021-09-08'),
(250, 'Петренко', 'Никита', 'Алёна', NULL, 0, 4545, 57801, '2021-09-08'),
(251, 'Петренко', 'Никита', 'Алёна', NULL, 0, 4545, 52157, '2021-09-08'),
(252, 'Токин', 'Николай', 'Алёна', NULL, 0, 4545, 68234, '2021-09-08'),
(253, 'Петренко', 'Никита', 'Алёна', NULL, 0, 4545, 48552, '2021-09-08'),
(254, 'Токин', 'Николай', 'Никита', NULL, 0, 4545, 79287, '2021-09-08'),
(255, 'Иванов', 'Ирина', 'Никита', NULL, 0, 4545, 97856, '2021-09-08'),
(256, 'Петренко', 'Никита', 'Алёна', NULL, 0, 4545, 58402, '2021-09-08'),
(257, 'Токин', 'Николай', 'Никита', NULL, 0, 4545, 75088, '2021-09-08'),
(258, 'Сорока', 'Алёна', 'Влада', NULL, 0, 4545, 39849, '2021-09-08'),
(259, 'Волков', 'Евгений', 'Николай', NULL, 0, 4545, 131558, '2021-09-08'),
(260, 'Иванов', 'Ирина', 'Никита', NULL, 0, 4545, 86528, '2021-09-08'),
(261, 'Петренко', 'Никита', 'Алёна', NULL, 0, 4545, 49119, '2021-09-08'),
(262, 'Шкуренко', 'Влада', 'Юрий', NULL, 0, 4545, 19327, '2021-09-08'),
(263, 'Сорока', 'Алёна', 'Влада', NULL, 0, 4545, 31696, '2021-09-08'),
(264, 'Волков', 'Евгений', 'Николай', NULL, 0, 4545, 118735, '2021-09-08'),
(265, 'Токин', 'Николай', 'Никита', NULL, 0, 4545, 75750, '2021-09-08'),
(266, 'Сорока', 'Алёна', 'Влада', NULL, 0, 4545, 40383, '2021-09-08'),
(267, 'Волков', 'Евгений', 'Николай', NULL, 0, 4545, 132385, '2021-09-08'),
(268, 'Иванов', 'Ирина', 'Никита', NULL, 0, 4545, 87227, '2021-09-08'),
(269, 'Наумов', 'Юрий', 'Юрий', NULL, 0, 4545, 555, '2021-09-08'),
(270, 'Токин', 'Николай', 'Алёна', NULL, 0, 4545, 65519, '2021-09-08'),
(271, 'Сорока', 'Алёна', 'Влада', NULL, 0, 4545, 32194, '2021-09-08'),
(272, 'Волков', 'Евгений', 'Николай', NULL, 0, 4545, 119528, '2021-09-08'),
(273, 'Белов', 'Анна', 'Ирина', NULL, 0, 4545, 186119, '2021-09-08'),
(274, 'Наумов', 'Юрий', 'Юрий', NULL, 0, 4545, 4201, '2021-09-08'),
(275, 'Иванов', 'Ирина', 'Никита', NULL, 0, 4545, 107219, '2021-09-08'),
(276, 'Белов', 'Анна', 'Ирина', NULL, 0, 4545, 180126, '2021-09-08'),
(277, 'Наумов', 'Юрий', 'Юрий', NULL, 0, 4545, 10521, '2021-09-08'),
(278, 'Шкуренко', 'Влада', 'Влада', NULL, 0, 4545, 21673, '2021-09-08'),
(279, 'Власов', 'Алексей', 'Николай', NULL, 0, 4545, 142106, '2021-09-08'),
(280, 'Сорока', 'Алёна', 'Влада', NULL, 0, 4545, 29582, '2021-09-08'),
(281, 'Токин', 'Николай', 'Алёна', NULL, 0, 4545, 72925, '2021-09-08'),
(282, 'Власов', 'Алексей', 'Николай', NULL, 0, 4545, 151240, '2021-09-08'),
(283, 'Наумов', 'Юрий', 'Юрий', NULL, 0, 4545, 8470, '2021-09-08'),
(284, 'Власов', 'Алексей', 'Ирина', NULL, 0, 4545, 166322, '2021-09-08'),
(285, 'Сорока', 'Алёна', 'Влада', NULL, 0, 4545, 43771, '2021-09-08'),
(286, 'Шкуренко', 'Влада', 'Юрий', NULL, 0, 4545, 15215, '2021-09-08'),
(287, 'Петренко', 'Никита', 'Алёна', NULL, 0, 4545, 58993, '2021-09-08'),
(288, 'Власов', 'Алексей', 'Ирина', NULL, 0, 4545, 160619, '2021-09-08'),
(289, 'Волков', 'Евгений', 'Николай', NULL, 0, 4545, 111249, '2021-09-08'),
(290, 'Токин', 'Николай', 'Алёна', NULL, 0, 4545, 69499, '2021-09-08'),
(291, 'Белов', 'Анна', 'Ирина', NULL, 0, 4545, 176088, '2021-09-08'),
(292, 'Волков', 'Евгений', 'Николай', NULL, 0, 4545, 124547, '2021-09-08'),
(293, 'Шкуренко', 'Влада', 'Влада', NULL, 0, 4545, 19757, '2021-09-08'),
(294, 'Сорока', 'Алёна', 'Влада', NULL, 0, 4545, 32182, '2021-09-08'),
(295, 'Сорока', 'Алёна', 'Влада', NULL, 0, 4545, 27509, '2021-09-08'),
(296, 'Токин', 'Николай', 'Никита', NULL, 0, 4545, 76397, '2021-09-08'),
(297, 'Сорока', 'Алёна', 'Влада', NULL, 0, 4545, 40905, '2021-09-08'),
(298, 'Белов', 'Анна', 'Ирина', NULL, 0, 4545, 177025, '2021-09-08'),
(300, 'Петренко', 'Никита', 'Алёна', NULL, 0, 4545, 55620, '2021-09-08'),
(301, 'Власов', 'Алексей', 'Николай', NULL, 0, 4545, 142651, '2021-09-08'),
(302, 'Шкуренко', 'Влада', 'Юрий', NULL, 0, 4545, 15063, '2021-09-08'),
(303, 'Наумов', 'Юрий', 'Юрий', NULL, 0, 4545, 2564, '2021-09-08'),
(304, 'Наумов', 'Юрий', 'Юрий', NULL, 0, 4545, 8714, '2021-09-08'),
(305, 'Сорока', 'Алёна', 'Влада', NULL, 0, 4545, 44120, '2021-09-08'),
(306, 'Власов', 'Алексей', 'Ирина', NULL, 0, 4545, 161192, '2021-09-08'),
(307, 'Сорока', 'Алёна', 'Влада', NULL, 0, 4545, 40710, '2021-09-08'),
(308, 'Белов', 'Анна', 'Ирина', NULL, 0, 4545, 176686, '2021-09-08'),
(309, 'Наумов', 'Юрий', 'Юрий', NULL, 0, 4545, 761, '2021-09-08'),
(310, 'Шкуренко', 'Влада', 'Влада', NULL, 0, 4545, 20039, '2021-09-08'),
(311, 'Сорока', 'Алёна', 'Влада', NULL, 0, 4545, 32501, '2021-09-08'),
(312, 'Волков', 'Евгений', 'Николай', NULL, 0, 4545, 112514, '2021-09-08'),
(313, 'Наумов', 'Юрий', 'Юрий', NULL, 0, 4545, 7089, '2021-09-08'),
(314, 'Белов', 'Анна', 'Ирина', NULL, 0, 4545, 187671, '2021-09-08'),
(315, 'Власов', 'Алексей', 'Ирина', NULL, 0, 4545, 157346, '2021-09-08'),
(316, 'Белов', 'Анна', 'Ирина', NULL, 0, 4545, 172681, '2021-09-08'),
(317, 'Власов', 'Алексей', 'Николай', NULL, 0, 4545, 143486, '2021-09-08'),
(318, 'Власов', 'Алексей', 'Ирина', NULL, 0, 4545, 166882, '2021-09-08'),
(319, 'Петренко', 'Никита', 'Алёна', NULL, 0, 4545, 53666, '2021-09-08'),
(320, 'Белов', 'Анна', 'Ирина', NULL, 0, 4545, 198947, '2021-09-08'),
(321, 'Волков', 'Евгений', 'Николай', NULL, 0, 4545, 117410, '2021-09-08'),
(322, 'Белов', 'Анна', 'Ирина', NULL, 0, 4545, 183558, '2021-09-08'),
(323, 'Петренко', 'Никита', 'Алёна', NULL, 0, 4545, 54253, '2021-09-08'),
(324, 'Белов', 'Анна', 'Ирина', NULL, 0, 4545, 177602, '2021-09-08'),
(325, 'Власов', 'Алексей', 'Ирина', NULL, 0, 4545, 162978, '2021-09-08'),
(326, 'Сорока', 'Алёна', 'Влада', NULL, 0, 4545, 41773, '2021-09-08'),
(327, 'Волков', 'Евгений', 'Николай', NULL, 0, 4545, 126665, '2021-09-08'),
(328, 'Токин', 'Николай', 'Алёна', NULL, 0, 4545, 67153, '2021-09-08'),
(329, 'Власов', 'Алексей', 'Ирина', NULL, 0, 4545, 163884, '2021-09-08'),
(330, 'Петренко', 'Никита', 'Алёна', NULL, 0, 4545, 57379, '2021-09-08'),
(331, 'Наумов', 'Юрий', 'Юрий', NULL, 0, 4545, 11547, '2021-09-08'),
(332, 'Петренко', 'Никита', 'Алёна', NULL, 0, 4545, 57981, '2021-09-08'),
(333, 'Наумов', 'Юрий', 'Юрий', NULL, 0, 4545, 11947, '2021-09-08'),
(334, 'Власов', 'Алексей', 'Николай', NULL, 0, 4545, 145184, '2021-09-08'),
(335, 'Токин', 'Николай', 'Никита', NULL, 0, 4545, 75285, '2021-09-08'),
(336, 'Петренко', 'Никита', 'Алёна', NULL, 0, 4545, 54829, '2021-09-08'),
(337, 'Сорока', 'Алёна', 'Влада', NULL, 0, 4545, 36703, '2021-09-08'),
(338, 'Волков', 'Евгений', 'Николай', NULL, 0, 4545, 126645, '2021-09-08'),
(339, 'Шкуренко', 'Влада', 'Юрий', NULL, 0, 4545, 16732, '2021-09-08'),
(340, 'Волков', 'Евгений', 'Николай', NULL, 0, 4545, 114031, '2021-09-08'),
(341, 'Иванов', 'Ирина', 'Никита', NULL, 0, 4545, 101963, '2021-09-08'),
(342, 'Токин', 'Николай', 'Никита', NULL, 0, 4545, 78798, '2021-09-08'),
(343, 'Белов', 'Анна', 'Ирина', NULL, 0, 4545, 180410, '2021-09-08'),
(344, 'Шкуренко', 'Влада', 'Влада', NULL, 0, 4545, 21807, '2021-09-08'),
(345, 'Белов', 'Анна', 'Ирина', NULL, 0, 4545, 174497, '2021-09-08'),
(346, 'Волков', 'Евгений', 'Николай', NULL, 0, 4545, 137029, '2021-09-08'),
(347, 'Шкуренко', 'Влада', 'Влада', NULL, 0, 4545, 26699, '2021-09-08'),
(348, 'Наумов', 'Юрий', 'Юрий', NULL, 0, 4545, 12341, '2021-09-08'),
(349, 'Наумов', 'Юрий', 'Юрий', NULL, 0, 4545, 314, '2021-09-08'),
(350, 'Власов', 'Алексей', 'Ирина', NULL, 0, 4545, 160887, '2021-09-08'),
(351, 'Петренко', 'Никита', 'Алёна', NULL, 0, 4545, 55405, '2021-09-08'),
(352, 'Власов', 'Алексей', 'Николай', NULL, 0, 4545, 146891, '2021-09-08'),
(353, 'Петренко', 'Никита', 'Алёна', NULL, 0, 4545, 46295, '2021-09-08'),
(354, 'Токин', 'Николай', 'Алёна', NULL, 0, 4545, 72453, '2021-09-08'),
(355, 'Белов', 'Анна', 'Ирина', NULL, 0, 4545, 171440, '2021-09-08'),
(356, 'Власов', 'Алексей', 'Николай', NULL, 0, 4545, 142341, '2021-09-08'),
(357, 'Шкуренко', 'Влада', 'Юрий', NULL, 0, 4545, 14912, '2021-09-08'),
(358, 'Власов', 'Алексей', 'Николай', NULL, 0, 4545, 151482, '2021-09-08'),
(359, 'Петренко', 'Никита', 'Алёна', NULL, 0, 4545, 63012, '2021-09-08'),
(360, 'Сорока', 'Алёна', 'Влада', NULL, 0, 4545, 43922, '2021-09-08'),
(361, 'Петренко', 'Никита', 'Алёна', NULL, 0, 4545, 53468, '2021-09-08'),
(362, 'Сорока', 'Алёна', 'Влада', NULL, 0, 4545, 35507, '2021-09-08'),
(363, 'Шкуренко', 'Влада', 'Влада', NULL, 0, 4545, 19879, '2021-09-08'),
(364, 'Наумов', 'Юрий', 'Юрий', NULL, 0, 4545, 6581, '2021-09-08'),
(365, 'Токин', 'Николай', 'Алёна', NULL, 0, 4545, 70319, '2021-09-08'),
(366, 'Петренко', 'Никита', 'Алёна', NULL, 0, 4545, 50404, '2021-09-08'),
(367, 'Токин', 'Николай', 'Никита', NULL, 0, 4545, 77247, '2021-09-08'),
(368, 'Иванов', 'Ирина', 'Никита', NULL, 0, 4545, 88808, '2021-09-08'),
(369, 'Сорока', 'Алёна', 'Влада', NULL, 0, 4545, 33323, '2021-09-08'),
(370, 'Петренко', 'Никита', 'Алёна', NULL, 0, 4545, 47400, '2021-09-08'),
(371, 'Наумов', 'Юрий', 'Юрий', NULL, 0, 4545, 5009, '2021-09-08'),
(372, 'Токин', 'Николай', 'Алёна', NULL, 0, 4545, 73745, '2021-09-08'),
(373, 'Шкуренко', 'Влада', 'Влада', NULL, 0, 4545, 22693, '2021-09-08'),
(374, 'Иванов', 'Ирина', 'Никита', NULL, 0, 4545, 104169, '2021-09-08'),
(375, 'Власов', 'Алексей', 'Ирина', NULL, 0, 4545, 167466, '2021-09-08'),
(376, 'Сорока', 'Алёна', 'Влада', NULL, 0, 4545, 39298, '2021-09-08'),
(377, 'Власов', 'Алексей', 'Ирина', NULL, 0, 4545, 153220, '2021-09-08'),
(378, 'Токин', 'Николай', 'Алёна', NULL, 0, 4545, 64241, '2021-09-08'),
(379, 'Белов', 'Анна', 'Ирина', NULL, 0, 4545, 193396, '2021-09-08'),
(380, 'Петренко', 'Никита', 'Алёна', NULL, 0, 4545, 54629, '2021-09-08'),
(381, 'Сорока', 'Алёна', 'Влада', NULL, 0, 4545, 36527, '2021-09-08'),
(382, 'Наумов', 'Юрий', 'Юрий', NULL, 0, 4545, 9723, '2021-09-08'),
(383, 'Токин', 'Николай', 'Никита', NULL, 0, 4545, 82158, '2021-09-08'),
(384, 'Наумов', 'Юрий', 'Юрий', NULL, 0, 4545, 7318, '2021-09-08'),
(385, 'Шкуренко', 'Влада', 'Юрий', NULL, 0, 4545, 13952, '2021-09-08'),
(386, 'Наумов', 'Юрий', 'Юрий', NULL, 0, 4545, 1644, '2021-09-08'),
(387, 'Белов', 'Анна', 'Ирина', NULL, 0, 4545, 173250, '2021-09-08'),
(388, 'Сорока', 'Алёна', 'Влада', NULL, 0, 4545, 42658, '2021-09-08'),
(389, 'Волков', 'Евгений', 'Николай', NULL, 0, 4545, 135905, '2021-09-08'),
(390, 'Шкуренко', 'Влада', 'Влада', NULL, 0, 4545, 26065, '2021-09-08'),
(391, 'Волков', 'Евгений', 'Николай', NULL, 0, 4545, 122903, '2021-09-08'),
(392, 'Белов', 'Анна', 'Ирина', NULL, 0, 4545, 190195, '2021-09-08'),
(393, 'Петренко', 'Никита', 'Алёна', NULL, 0, 4545, 58364, '2021-09-08'),
(394, 'Токин', 'Николай', 'Никита', NULL, 0, 4545, 75046, '2021-09-08'),
(395, 'Наумов', 'Юрий', 'Юрий', NULL, 0, 4545, 12204, '2021-09-08'),
(396, 'Петренко', 'Никита', 'Алёна', NULL, 0, 4545, 49083, '2021-09-08'),
(397, 'Сорока', 'Алёна', 'Влада', NULL, 0, 4545, 31664, '2021-09-08'),
(398, 'Волков', 'Евгений', 'Николай', NULL, 0, 4545, 118685, '2021-09-08'),
(399, 'Иванов', 'Ирина', 'Никита', NULL, 0, 4545, 93967, '2021-09-08'),
(400, 'Наумов', 'Юрий', 'Юрий', NULL, 0, 4545, 3822, '2021-09-08'),
(401, 'Токин', 'Николай', 'Алёна', NULL, 0, 4545, 71582, '2021-09-08'),
(402, 'Наумов', 'Юрий', 'Юрий', NULL, 0, 4545, 10104, '2021-09-08'),
(403, 'Шкуренко', 'Влада', 'Влада', NULL, 0, 4545, 21193, '2021-09-08'),
(404, 'Иванов', 'Ирина', 'Никита', NULL, 0, 4545, 94688, '2021-09-08'),
(405, 'Шкуренко', 'Влада', 'Юрий', NULL, 0, 4545, 14355, '2021-09-08'),
(406, 'Петренко', 'Никита', 'Алёна', NULL, 0, 4545, 52106, '2021-09-08'),
(407, 'Сорока', 'Алёна', 'Влада', NULL, 0, 4545, 34312, '2021-09-08'),
(408, 'Токин', 'Николай', 'Никита', NULL, 0, 4545, 79228, '2021-09-08'),
(409, 'Белов', 'Анна', 'Ирина', NULL, 0, 4545, 181012, '2021-09-08'),
(410, 'Шкуренко', 'Влада', 'Влада', NULL, 0, 4545, 26527, '2021-09-08'),
(411, 'Наумов', 'Юрий', 'Юрий', NULL, 0, 4545, 2322, '2021-09-08'),
(412, 'Иванов', 'Ирина', 'Никита', NULL, 0, 4545, 110430, '2021-09-08'),
(413, 'Токин', 'Николай', 'Алёна', NULL, 0, 4545, 68817, '2021-09-08'),
(414, 'Наумов', 'Юрий', 'Юрий', NULL, 0, 4545, 8445, '2021-09-08'),
(415, 'Волков', 'Евгений', 'Николай', NULL, 0, 4545, 123688, '2021-09-08'),
(416, 'Шкуренко', 'Влада', 'Юрий', NULL, 0, 4545, 19289, '2021-09-08'),
(417, 'Петренко', 'Никита', 'Алёна', NULL, 0, 4545, 58953, '2021-09-08'),
(418, 'Власов', 'Алексей', 'Ирина', NULL, 0, 4545, 160560, '2021-09-08'),
(419, 'Волков', 'Евгений', 'Николай', NULL, 0, 4545, 132313, '2021-09-08'),
(420, 'Иванов', 'Ирина', 'Никита', NULL, 0, 4545, 87165, '2021-09-08'),
(421, 'Шкуренко', 'Влада', 'Влада', NULL, 0, 4545, 19729, '2021-09-08'),
(422, 'Токин', 'Николай', 'Алёна', NULL, 0, 4545, 65464, '2021-09-08'),
(423, 'Сорока', 'Алёна', 'Влада', NULL, 0, 4545, 40871, '2021-09-08'),
(424, 'Волков', 'Евгений', 'Николай', NULL, 0, 4545, 133142, '2021-09-08'),
(425, 'Иванов', 'Ирина', 'Никита', NULL, 0, 4545, 107153, '2021-09-08'),
(426, 'Токин', 'Николай', 'Алёна', NULL, 0, 4545, 66093, '2021-09-08'),
(427, 'Белов', 'Анна', 'Ирина', NULL, 0, 4545, 171104, '2021-09-08'),
(428, 'Волков', 'Евгений', 'Николай', NULL, 0, 4545, 120254, '2021-09-08'),
(429, 'Токин', 'Николай', 'Никита', NULL, 0, 4545, 77021, '2021-09-08'),
(430, 'Власов', 'Алексей', 'Николай', NULL, 0, 4545, 142031, '2021-09-08'),
(431, 'Сорока', 'Алёна', 'Влада', NULL, 0, 4545, 29539, '2021-09-08'),
(432, 'Наумов', 'Юрий', 'Юрий', NULL, 0, 4545, 4527, '2021-09-08'),
(433, 'Токин', 'Николай', 'Алёна', NULL, 0, 4545, 72868, '2021-09-08'),
(434, 'Сорока', 'Алёна', 'Влада', NULL, 0, 4545, 38066, '2021-09-08'),
(435, 'Наумов', 'Юрий', 'Юрий', NULL, 0, 4545, 10881, '2021-09-08'),
(436, 'Токин', 'Николай', 'Никита', NULL, 0, 4545, 84184, '2021-09-08'),
(437, 'Петренко', 'Никита', 'Алёна', NULL, 0, 4545, 47210, '2021-09-08'),
(438, 'Петренко', 'Никита', 'Алёна', NULL, 0, 4545, 62789, '2021-09-08'),
(439, 'Сорока', 'Алёна', 'Влада', NULL, 0, 4545, 30028, '2021-09-08'),
(440, 'Сорока', 'Алёна', 'Влада', NULL, 0, 4545, 43723, '2021-09-08'),
(441, 'Шкуренко', 'Влада', 'Юрий', NULL, 0, 4545, 15179, '2021-09-08'),
(442, 'Волков', 'Евгений', 'Николай', NULL, 0, 4545, 129598, '2021-09-08'),
(443, 'Наумов', 'Юрий', 'Юрий', NULL, 0, 4545, 2660, '2021-09-08'),
(444, 'Наумов', 'Юрий', 'Юрий', NULL, 0, 4545, 8819, '2021-09-08'),
(445, 'Власов', 'Алексей', 'Ирина', NULL, 0, 4545, 167156, '2021-09-08'),
(446, 'Сорока', 'Алёна', 'Влада', NULL, 0, 4545, 44272, '2021-09-08'),
(447, 'Шкуренко', 'Влада', 'Юрий', NULL, 0, 4545, 15598, '2021-09-08'),
(448, 'Петренко', 'Никита', 'Алёна', NULL, 0, 4545, 59546, '2021-09-08'),
(449, 'Петренко', 'Никита', 'Алёна', NULL, 0, 4545, 53842, '2021-09-08'),
(450, 'Власов', 'Алексей', 'Ирина', NULL, 0, 4545, 152922, '2021-09-08'),
(451, 'Волков', 'Евгений', 'Николай', NULL, 0, 4545, 125284, '2021-09-08'),
(452, 'Белов', 'Анна', 'Ирина', NULL, 0, 4545, 193065, '2021-09-08'),
(453, 'Шкуренко', 'Влада', 'Юрий', NULL, 0, 4545, 13403, '2021-09-08'),
(454, 'Иванов', 'Ирина', 'Никита', NULL, 0, 4545, 88552, '2021-09-08'),
(455, 'Власов', 'Алексей', 'Николай', NULL, 0, 4545, 148292, '2021-09-08'),
(456, 'Иванов', 'Ирина', 'Никита', NULL, 0, 4545, 100717, '2021-09-08'),
(457, 'Наумов', 'Юрий', 'Юрий', NULL, 0, 4545, 7191, '2021-09-08'),
(458, 'Власов', 'Алексей', 'Ирина', NULL, 0, 4545, 163248, '2021-09-08'),
(459, 'Шкуренко', 'Влада', 'Юрий', NULL, 0, 4545, 17844, '2021-09-08'),
(460, 'Иванов', 'Ирина', 'Никита', NULL, 0, 4545, 96103, '2021-09-08'),
(461, 'Наумов', 'Юрий', 'Юрий', NULL, 0, 4545, 1529, '2021-09-08'),
(462, 'Сорока', 'Алёна', 'Влада', NULL, 0, 4545, 38578, '2021-09-08'),
(463, 'Наумов', 'Юрий', 'Юрий', NULL, 0, 4545, 11268, '2021-09-08'),
(464, 'Токин', 'Николай', 'Никита', NULL, 0, 4545, 84860, '2021-09-08'),
(465, 'Петренко', 'Никита', 'Алёна', NULL, 0, 4545, 47758, '2021-09-08'),
(466, 'Белов', 'Анна', 'Ирина', NULL, 0, 4545, 188900, '2021-09-08'),
(467, 'Иванов', 'Ирина', 'Никита', NULL, 0, 4545, 96831, '2021-09-08'),
(468, 'Волков', 'Евгений', 'Николай', NULL, 0, 4545, 116840, '2021-09-08'),
(469, 'Токин', 'Николай', 'Никита', NULL, 0, 4545, 85553, '2021-09-08'),
(470, 'Наумов', 'Юрий', 'Юрий', NULL, 0, 4545, 5605, '2021-09-08'),
(471, 'Токин', 'Николай', 'Алёна', NULL, 0, 4545, 74822, '2021-09-08'),
(472, 'Шкуренко', 'Влада', 'Влада', NULL, 0, 4545, 23443, '2021-09-08'),
(473, 'Власов', 'Алексей', 'Ирина', NULL, 0, 4545, 153782, '2021-09-08'),
(474, 'Иванов', 'Ирина', 'Никита', NULL, 0, 4545, 105402, '2021-09-08'),
(475, 'Токин', 'Николай', 'Алёна', NULL, 0, 4545, 64639, '2021-09-08'),
(476, 'Волков', 'Евгений', 'Николай', NULL, 0, 4545, 126075, '2021-09-08'),
(477, 'Шкуренко', 'Влада', 'Юрий', NULL, 0, 4545, 16433, '2021-09-08'),
(478, 'Иванов', 'Ирина', 'Никита', NULL, 0, 4545, 93723, '2021-09-08'),
(479, 'Сорока', 'Алёна', 'Влада', NULL, 0, 4545, 28417, '2021-09-08'),
(480, 'Наумов', 'Юрий', 'Юрий', NULL, 0, 4545, 3703, '2021-09-08'),
(481, 'Шкуренко', 'Влада', 'Юрий', NULL, 0, 4545, 13803, '2021-09-08'),
(482, 'Сорока', 'Алёна', 'Влада', NULL, 0, 4545, 36857, '2021-09-08'),
(483, 'Токин', 'Николай', 'Никита', NULL, 0, 4545, 82593, '2021-09-08'),
(484, 'Шкуренко', 'Влада', 'Влада', NULL, 0, 4545, 21043, '2021-09-08'),
(485, 'Сорока', 'Алёна', 'Влада', NULL, 0, 4545, 33633, '2021-09-08'),
(486, 'Наумов', 'Юрий', 'Юрий', NULL, 0, 4545, 7559, '2021-09-08'),
(487, 'Власов', 'Алексей', 'Ирина', NULL, 0, 4545, 164133, '2021-09-08'),
(488, 'Белов', 'Анна', 'Ирина', NULL, 0, 4545, 188877, '2021-09-08'),
(489, 'Волков', 'Евгений', 'Николай', NULL, 0, 4545, 135603, '2021-09-08'),
(490, 'Шкуренко', 'Влада', 'Влада', NULL, 0, 4545, 25894, '2021-09-08'),
(491, 'Иванов', 'Ирина', 'Никита', NULL, 0, 4545, 109404, '2021-09-08'),
(492, 'Белов', 'Анна', 'Ирина', NULL, 0, 4545, 173844, '2021-09-08'),
(493, 'Волков', 'Евгений', 'Николай', NULL, 0, 4545, 122612, '2021-09-08'),
(494, 'Белов', 'Анна', 'Ирина', NULL, 0, 4545, 189843, '2021-09-08'),
(495, 'Иванов', 'Ирина', 'Никита', NULL, 0, 4545, 97544, '2021-09-08'),
(496, 'Петренко', 'Никита', 'Алёна', NULL, 0, 4545, 58145, '2021-09-08'),
(497, 'Шкуренко', 'Влада', 'Влада', NULL, 0, 4545, 26366, '2021-09-08'),
(498, 'Иванов', 'Ирина', 'Никита', NULL, 0, 4545, 110170, '2021-09-08'),
(499, 'Волков', 'Евгений', 'Николай', NULL, 0, 4545, 131206, '2021-09-08'),
(500, 'Власов', 'Алексей', 'Николай', NULL, 0, 4545, 145421, '2021-09-08'),
(501, 'Иванов', 'Ирина', 'Никита', NULL, 0, 4545, 98276, '2021-09-08'),
(502, 'Наумов', 'Юрий', 'Юрий', NULL, 0, 4545, 5962, '2021-09-08'),
(503, 'Власов', 'Алексей', 'Ирина', NULL, 0, 4545, 160257, '2021-09-08'),
(504, 'Шкуренко', 'Влада', 'Юрий', NULL, 0, 4545, 16423, '2021-09-08'),
(505, 'Шкуренко', 'Влада', 'Юрий', NULL, 0, 4545, 12461, '2021-09-08'),
(506, 'Иванов', 'Ирина', 'Никита', NULL, 0, 4545, 86928, '2021-09-08'),
(507, 'Иванов', 'Ирина', 'Никита', NULL, 0, 4545, 106138, '2021-09-08'),
(508, 'Власов', 'Алексей', 'Николай', NULL, 0, 4545, 146284, '2021-09-08'),
(509, 'Белов', 'Анна', 'Ирина', NULL, 0, 4545, 169868, '2021-09-08'),
(510, 'Волков', 'Евгений', 'Николай', NULL, 0, 4545, 119189, '2021-09-08'),
(511, 'Петренко', 'Никита', 'Алёна', NULL, 0, 4545, 45904, '2021-09-08'),
(512, 'Белов', 'Анна', 'Ирина', NULL, 0, 4545, 185710, '2021-09-08'),
(513, 'Сорока', 'Алёна', 'Влада', NULL, 0, 4545, 28889, '2021-09-08'),
(514, 'Наумов', 'Юрий', 'Юрий', NULL, 0, 4545, 4049, '2021-09-08'),
(515, 'Иванов', 'Ирина', 'Никита', NULL, 0, 4545, 106895, '2021-09-08'),
(516, 'Сорока', 'Алёна', 'Влада', NULL, 0, 4545, 37366, '2021-09-08'),
(517, 'Шкуренко', 'Влада', 'Влада', NULL, 0, 4545, 21481, '2021-09-08'),
(518, 'Власов', 'Алексей', 'Николай', NULL, 0, 4545, 141742, '2021-09-08'),
(519, 'Иванов', 'Ирина', 'Никита', NULL, 0, 4545, 95150, '2021-09-08'),
(520, 'Власов', 'Алексей', 'Ирина', NULL, 0, 4545, 165021, '2021-09-08'),
(521, 'Сорока', 'Алёна', 'Влада', NULL, 0, 4545, 42993, '2021-09-08'),
(522, 'Наумов', 'Юрий', 'Юрий', NULL, 0, 4545, 2197, '2021-09-08'),
(523, 'Петренко', 'Никита', 'Алёна', NULL, 0, 4545, 62579, '2021-09-08'),
(524, 'Сорока', 'Алёна', 'Влада', NULL, 0, 4545, 43538, '2021-09-08'),
(525, 'Иванов', 'Ирина', 'Никита', NULL, 0, 4545, 91350, '2021-09-08'),
(526, 'Шкуренко', 'Влада', 'Юрий', NULL, 0, 4545, 12452, '2021-09-08'),
(527, 'Петренко', 'Никита', 'Алёна', NULL, 0, 4545, 49431, '2021-09-08'),
(528, 'Петренко', 'Никита', 'Алёна', NULL, 0, 4545, 59340, '2021-09-08'),
(529, 'Белов', 'Анна', 'Ирина', NULL, 0, 4545, 176624, '2021-09-08'),
(530, 'Белов', 'Анна', 'Ирина', NULL, 0, 4545, 170769, '2021-09-08'),
(531, 'Волков', 'Евгений', 'Николай', NULL, 0, 4545, 133671, '2021-09-08'),
(532, 'Сорока', 'Алёна', 'Влада', NULL, 0, 4545, 37875, '2021-09-08'),
(533, 'Петренко', 'Никита', 'Алёна', NULL, 0, 4545, 47006, '2021-09-08'),
(534, 'Власов', 'Алексей', 'Ирина', NULL, 0, 4545, 157289, '2021-09-08'),
(535, 'Наумов', 'Юрий', 'Юрий', NULL, 0, 4545, 11134, '2021-09-08'),
(536, 'Белов', 'Анна', 'Ирина', NULL, 0, 4545, 197897, '2021-09-08'),
(537, 'Наумов', 'Юрий', 'Юрий', NULL, 0, 4545, 5117, '2021-09-08'),
(538, 'Шкуренко', 'Влада', 'Юрий', NULL, 0, 4545, 15445, '2021-09-08'),
(539, 'Наумов', 'Юрий', 'Юрий', NULL, 0, 4545, 2881, '2021-09-08'),
(540, 'Токин', 'Николай', 'Никита', NULL, 0, 4545, 80997, '2021-09-08'),
(541, 'Белов', 'Анна', 'Ирина', NULL, 0, 4545, 177542, '2021-09-08'),
(542, 'Шкуренко', 'Влада', 'Влада', NULL, 0, 4545, 20444, '2021-09-08'),
(543, 'Наумов', 'Юрий', 'Юрий', NULL, 0, 4545, 7056, '2021-09-08'),
(544, 'Токин', 'Николай', 'Никита', NULL, 0, 4545, 77431, '2021-09-08'),
(545, 'Белов', 'Анна', 'Ирина', NULL, 0, 4545, 187586, '2021-09-08'),
(546, 'Волков', 'Евгений', 'Николай', NULL, 0, 4545, 134485, '2021-09-08'),
(547, 'Петренко', 'Никита', 'Алёна', NULL, 0, 4545, 51136, '2021-09-08'),
(548, 'Власов', 'Алексей', 'Николай', NULL, 0, 4545, 148845, '2021-09-08'),
(549, 'Сорока', 'Алёна', 'Влада', NULL, 0, 4545, 33462, '2021-09-08'),
(550, 'Наумов', 'Юрий', 'Юрий', NULL, 0, 4545, 7431, '2021-09-08'),
(551, 'Сорока', 'Алёна', 'Влада', NULL, 0, 4545, 42279, '2021-09-08'),
(552, 'Иванов', 'Ирина', 'Никита', NULL, 0, 4545, 96568, '2021-09-08'),
(553, 'Наумов', 'Юрий', 'Юрий', NULL, 0, 4545, 5109, '2021-09-08'),
(554, 'Токин', 'Николай', 'Никита', NULL, 0, 4545, 75243, '2021-09-08'),
(555, 'Белов', 'Анна', 'Ирина', NULL, 0, 4545, 184428, '2021-09-08'),
(556, 'Шкуренко', 'Влада', 'Влада', NULL, 0, 4545, 23736, '2021-09-08'),
(557, 'Белов', 'Анна', 'Ирина', NULL, 0, 4545, 178460, '2021-09-08'),
(558, 'Волков', 'Евгений', 'Николай', NULL, 0, 4545, 126594, '2021-09-08'),
(559, 'Белов', 'Анна', 'Ирина', NULL, 0, 4545, 169556, '2021-09-08'),
(560, 'Шкуренко', 'Влада', 'Влада', NULL, 0, 4545, 20880, '2021-09-08'),
(561, 'Власов', 'Алексей', 'Николай', NULL, 0, 4545, 140602, '2021-09-08'),
(562, 'Сорока', 'Алёна', 'Влада', NULL, 0, 4545, 42266, '2021-09-08'),
(563, 'Шкуренко', 'Влада', 'Юрий', NULL, 0, 4545, 14066, '2021-09-08'),
(564, 'Волков', 'Евгений', 'Николай', NULL, 0, 4545, 127407, '2021-09-08'),
(565, 'Власов', 'Алексей', 'Николай', NULL, 0, 4545, 149696, '2021-09-08'),
(566, 'Сорока', 'Алёна', 'Влада', NULL, 0, 4545, 33957, '2021-09-08'),
(567, 'Власов', 'Алексей', 'Ирина', NULL, 0, 4545, 164713, '2021-09-08'),
(568, 'Токин', 'Николай', 'Никита', NULL, 0, 4545, 78755, '2021-09-08'),
(569, 'Сорока', 'Алёна', 'Влада', NULL, 0, 4545, 42808, '2021-09-08'),
(570, 'Шкуренко', 'Влада', 'Юрий', NULL, 0, 4545, 14479, '2021-09-08'),
(571, 'Петренко', 'Никита', 'Алёна', NULL, 0, 4545, 57928, '2021-09-08'),
(572, 'Шкуренко', 'Влада', 'Влада', NULL, 0, 4545, 26194, '2021-09-08'),
(573, 'Власов', 'Алексей', 'Николай', NULL, 0, 4545, 150571, '2021-09-08'),
(574, 'Наумов', 'Юрий', 'Юрий', NULL, 0, 4545, 11912, '2021-09-08'),
(575, 'Волков', 'Евгений', 'Николай', NULL, 0, 4545, 123125, '2021-09-08'),
(576, 'Токин', 'Николай', 'Никита', NULL, 0, 4545, 79428, '2021-09-08'),
(577, 'Шкуренко', 'Влада', 'Юрий', NULL, 0, 4545, 18981, '2021-09-08'),
(578, 'Белов', 'Анна', 'Ирина', NULL, 0, 4545, 190462, '2021-09-08'),
(579, 'Наумов', 'Юрий', 'Юрий', NULL, 0, 4545, 5829, '2021-09-08'),
(580, 'Власов', 'Алексей', 'Ирина', NULL, 0, 4545, 159931, '2021-09-08'),
(581, 'Наумов', 'Юрий', 'Юрий', NULL, 0, 4545, 12315, '2021-09-08'),
(582, 'Белов', 'Анна', 'Ирина', NULL, 0, 4545, 175371, '2021-09-08'),
(583, 'Петренко', 'Никита', 'Алёна', NULL, 0, 4545, 49238, '2021-09-08'),
(584, 'Токин', 'Николай', 'Алёна', NULL, 0, 4545, 65023, '2021-09-08'),
(585, 'Белов', 'Анна', 'Ирина', NULL, 0, 4545, 169534, '2021-09-08'),
(586, 'Волков', 'Евгений', 'Николай', NULL, 0, 4545, 118903, '2021-09-08'),
(587, 'Шкуренко', 'Влада', 'Юрий', NULL, 0, 4545, 19076, '2021-09-08'),
(588, 'Белов', 'Анна', 'Ирина', NULL, 0, 4545, 185364, '2021-09-08'),
(589, 'Волков', 'Евгений', 'Николай', NULL, 0, 4545, 132559, '2021-09-08'),
(590, 'Шкуренко', 'Влада', 'Влада', NULL, 0, 4545, 24187, '2021-09-08'),
(591, 'Наумов', 'Юрий', 'Юрий', NULL, 0, 4545, 626, '2021-09-08'),
(592, 'Наумов', 'Юрий', 'Юрий', NULL, 0, 4545, 10212, '2021-09-08'),
(593, 'Белов', 'Анна', 'Ирина', NULL, 0, 4545, 170455, '2021-09-08'),
(594, 'Токин', 'Николай', 'Никита', NULL, 0, 4545, 83014, '2021-09-08'),
(595, 'Шкуренко', 'Влада', 'Юрий', NULL, 0, 4545, 17122, '2021-09-08'),
(596, 'Белов', 'Анна', 'Ирина', NULL, 0, 4545, 186322, '2021-09-08'),
(597, 'Иванов', 'Ирина', 'Никита', NULL, 0, 4545, 94887, '2021-09-08'),
(598, 'Петренко', 'Никита', 'Алёна', NULL, 0, 4545, 55960, '2021-09-08'),
(599, 'Волков', 'Евгений', 'Николай', NULL, 0, 4545, 114742, '2021-09-08'),
(600, 'Токин', 'Николай', 'Алёна', NULL, 0, 4545, 72410, '2021-09-08'),
(601, 'Белов', 'Анна', 'Ирина', NULL, 0, 4545, 180326, '2021-09-08'),
(602, 'Волков', 'Евгений', 'Николай', NULL, 0, 4545, 128204, '2021-09-08'),
(603, 'Петренко', 'Никита', 'Алёна', NULL, 0, 4545, 46818, '2021-09-08'),
(604, 'Белов', 'Анна', 'Ирина', NULL, 0, 4545, 196579, '2021-09-08'),
(605, 'Власов', 'Алексей', 'Николай', NULL, 0, 4545, 142286, '2021-09-08'),
(606, 'Власов', 'Алексей', 'Ирина', NULL, 0, 4545, 165601, '2021-09-08'),
(607, 'Наумов', 'Юрий', 'Юрий', NULL, 0, 4545, 4634, '2021-09-08'),
(608, 'Шкуренко', 'Влада', 'Юрий', NULL, 0, 4545, 14885, '2021-09-08'),
(609, 'Петренко', 'Никита', 'Алёна', NULL, 0, 4545, 52847, '2021-09-08'),
(610, 'Токин', 'Николай', 'Алёна', NULL, 0, 4545, 68992, '2021-09-08'),
(611, 'Сорока', 'Алёна', 'Влада', NULL, 0, 4545, 34962, '2021-09-08'),
(612, 'Волков', 'Евгений', 'Николай', NULL, 0, 4545, 123910, '2021-09-08'),
(613, 'Токин', 'Николай', 'Никита', NULL, 0, 4545, 80089, '2021-09-08'),
(614, 'Шкуренко', 'Влада', 'Юрий', NULL, 0, 4545, 15303, '2021-09-08'),
(615, 'Волков', 'Евгений', 'Николай', NULL, 0, 4545, 137798, '2021-09-08'),
(616, 'Шкуренко', 'Влада', 'Влада', NULL, 0, 4545, 27133, '2021-09-08'),
(617, 'Шкуренко', 'Влада', 'Юрий', NULL, 0, 4545, 12709, '2021-09-08'),
(618, 'Иванов', 'Ирина', 'Никита', NULL, 0, 4545, 87358, '2021-09-08'),
(619, 'Петренко', 'Никита', 'Алёна', NULL, 0, 4545, 49795, '2021-09-08'),
(620, 'Шкуренко', 'Влада', 'Влада', NULL, 0, 4545, 19850, '2021-09-08'),
(621, 'Иванов', 'Ирина', 'Никита', NULL, 0, 4545, 99462, '2021-09-08'),
(622, 'Петренко', 'Никита', 'Алёна', NULL, 0, 4545, 59726, '2021-09-08'),
(623, 'Токин', 'Николай', 'Никита', NULL, 0, 4545, 76538, '2021-09-08'),
(624, 'Волков', 'Евгений', 'Николай', NULL, 0, 4545, 112184, '2021-09-08'),
(625, 'Волков', 'Евгений', 'Николай', NULL, 0, 4545, 133370, '2021-09-08'),
(626, 'Иванов', 'Ирина', 'Никита', NULL, 0, 4545, 88059, '2021-09-08'),
(627, 'Иванов', 'Ирина', 'Никита', NULL, 0, 4545, 107362, '2021-09-08'),
(628, 'Сорока', 'Алёна', 'Влада', NULL, 0, 4545, 32788, '2021-09-08'),
(629, 'Сорока', 'Алёна', 'Влада', NULL, 0, 4545, 41556, '2021-09-08'),
(630, 'Волков', 'Евгений', 'Николай', NULL, 0, 4545, 134202, '2021-09-08'),
(631, 'Петренко', 'Никита', 'Алёна', NULL, 0, 4545, 56541, '2021-09-08'),
(632, 'Шкуренко', 'Влада', 'Влада', NULL, 0, 4545, 25107, '2021-09-08'),
(633, 'Сорока', 'Алёна', 'Влада', NULL, 0, 4545, 38209, '2021-09-08'),
(634, 'Токин', 'Николай', 'Алёна', NULL, 0, 4545, 66898, '2021-09-08'),
(635, 'Волков', 'Евгений', 'Николай', NULL, 0, 4545, 129004, '2021-09-08'),
(636, 'Петренко', 'Никита', 'Алёна', NULL, 0, 4545, 47365, '2021-09-08'),
(637, 'Белов', 'Анна', 'Ирина', NULL, 0, 4545, 197539, '2021-09-08'),
(638, 'Власов', 'Алексей', 'Николай', NULL, 0, 4545, 143121, '2021-09-08'),
(639, 'Петренко', 'Никита', 'Алёна', NULL, 0, 4545, 57138, '2021-09-08'),
(640, 'Волков', 'Евгений', 'Николай', NULL, 0, 4545, 116288, '2021-09-08'),
(641, 'Власов', 'Алексей', 'Ирина', NULL, 0, 4545, 157857, '2021-09-08'),
(642, 'Белов', 'Анна', 'Ирина', NULL, 0, 4545, 182200, '2021-09-08'),
(643, 'Волков', 'Евгений', 'Николай', NULL, 0, 4545, 129824, '2021-09-08'),
(644, 'Шкуренко', 'Влада', 'Влада', NULL, 0, 4545, 22664, '2021-09-08'),
(645, 'Белов', 'Анна', 'Ирина', NULL, 0, 4545, 198525, '2021-09-08'),
(646, 'Наумов', 'Юрий', 'Юрий', NULL, 0, 4545, 8925, '2021-09-08'),
(647, 'Сорока', 'Алёна', 'Влада', NULL, 0, 4545, 30654, '2021-09-08'),
(648, 'Токин', 'Николай', 'Никита', NULL, 0, 4545, 80751, '2021-09-08'),
(649, 'Шкуренко', 'Влада', 'Юрий', NULL, 0, 4545, 15713, '2021-09-08'),
(650, 'Власов', 'Алексей', 'Николай', NULL, 0, 4545, 138621, '2021-09-08'),
(651, 'Петренко', 'Никита', 'Алёна', NULL, 0, 4545, 54002, '2021-09-08'),
(652, 'Шкуренко', 'Влада', 'Влада', NULL, 0, 4545, 23121, '2021-09-08'),
(653, 'Власов', 'Алексей', 'Ирина', NULL, 0, 4545, 153162, '2021-09-08'),
(654, 'Иванов', 'Ирина', 'Никита', NULL, 0, 4545, 104873, '2021-09-08'),
(655, 'Токин', 'Николай', 'Никита', NULL, 0, 4545, 81431, '2021-09-08'),
(656, 'Власов', 'Алексей', 'Николай', NULL, 0, 4545, 139466, '2021-09-08'),
(657, 'Иванов', 'Ирина', 'Никита', NULL, 0, 4545, 93219, '2021-09-08'),
(658, 'Наумов', 'Юрий', 'Юрий', NULL, 0, 4545, 3455, '2021-09-08'),
(659, 'Сорока', 'Алёна', 'Влада', NULL, 0, 4545, 41543, '2021-09-08'),
(660, 'Иванов', 'Ирина', 'Никита', NULL, 0, 4545, 88746, '2021-09-08'),
(661, 'Петренко', 'Никита', 'Алёна', NULL, 0, 4545, 50927, '2021-09-08'),
(662, 'Белов', 'Анна', 'Ирина', NULL, 0, 4545, 194310, '2021-09-08'),
(663, 'Сорока', 'Алёна', 'Влада', NULL, 0, 4545, 33279, '2021-09-08'),
(664, 'Петренко', 'Никита', 'Алёна', NULL, 0, 4545, 60932, '2021-09-08'),
(665, 'Токин', 'Николай', 'Никита', NULL, 0, 4545, 77857, '2021-09-08'),
(666, 'Сорока', 'Алёна', 'Влада', NULL, 0, 4545, 42082, '2021-09-08'),
(667, 'Волков', 'Евгений', 'Николай', NULL, 0, 4545, 135016, '2021-09-08'),
(668, 'Иванов', 'Ирина', 'Никита', NULL, 0, 4545, 89451, '2021-09-08'),
(669, 'Наумов', 'Юрий', 'Юрий', NULL, 0, 4545, 1622, '2021-09-08'),
(670, 'Токин', 'Николай', 'Алёна', NULL, 0, 4545, 67516, '2021-09-08'),
(671, 'Волков', 'Евгений', 'Николай', NULL, 0, 4545, 122051, '2021-09-08'),
(672, 'Волков', 'Евгений', 'Николай', NULL, 0, 4545, 135852, '2021-09-08'),
(673, 'Шкуренко', 'Влада', 'Влада', NULL, 0, 4545, 26034, '2021-09-08'),
(674, 'Шкуренко', 'Влада', 'Влада', NULL, 0, 4545, 23110, '2021-09-08'),
(675, 'Власов', 'Алексей', 'Николай', NULL, 0, 4545, 144816, '2021-09-08'),
(676, 'Белов', 'Анна', 'Ирина', NULL, 0, 4545, 168303, '2021-09-08'),
(677, 'Наумов', 'Юрий', 'Юрий', NULL, 0, 4545, 5705, '2021-09-08'),
(678, 'Шкуренко', 'Влада', 'Юрий', NULL, 0, 4545, 16126, '2021-09-08'),
(679, 'Белов', 'Анна', 'Ирина', NULL, 0, 4545, 184083, '2021-09-08'),
(680, 'Петренко', 'Никита', 'Алёна', NULL, 0, 4545, 54577, '2021-09-08'),
(681, 'Шкуренко', 'Влада', 'Влада', NULL, 0, 4545, 23569, '2021-09-08'),
(682, 'Наумов', 'Юрий', 'Юрий', NULL, 0, 4545, 181, '2021-09-08'),
(683, 'Токин', 'Николай', 'Никита', NULL, 0, 4545, 82098, '2021-09-08'),
(684, 'Шкуренко', 'Влада', 'Юрий', NULL, 0, 4545, 16550, '2021-09-08'),
(685, 'Наумов', 'Юрий', 'Юрий', NULL, 0, 4545, 3800, '2021-09-08'),
(686, 'Белов', 'Анна', 'Ирина', NULL, 0, 4545, 179060, '2021-09-08'),
(687, 'Токин', 'Николай', 'Никита', NULL, 0, 4545, 82782, '2021-09-08'),
(688, 'Петренко', 'Никита', 'Алёна', NULL, 0, 4545, 46069, '2021-09-08'),
(689, 'Петренко', 'Никита', 'Алёна', NULL, 0, 4545, 61530, '2021-09-08'),
(690, 'Токин', 'Николай', 'Алёна', NULL, 0, 4545, 72190, '2021-09-08'),
(691, 'Белов', 'Анна', 'Ирина', NULL, 0, 4545, 190110, '2021-09-08'),
(692, 'Иванов', 'Ирина', 'Никита', NULL, 0, 4545, 90851, '2021-09-08'),
(693, 'Наумов', 'Юрий', 'Юрий', NULL, 0, 4545, 2299, '2021-09-08'),
(694, 'Власов', 'Алексей', 'Николай', NULL, 0, 4545, 151128, '2021-09-08'),
(695, 'Волков', 'Евгений', 'Николай', NULL, 0, 4545, 123636, '2021-09-08'),
(696, 'Петренко', 'Никита', 'Алёна', NULL, 0, 4545, 49033, '2021-09-08'),
(697, 'Белов', 'Анна', 'Ирина', NULL, 0, 4545, 191079, '2021-09-08'),
(698, 'Шкуренко', 'Влада', 'Влада', NULL, 0, 4545, 26971, '2021-09-08'),
(699, 'Сорока', 'Алёна', 'Влада', NULL, 0, 4545, 40301, '2021-09-08'),
(700, 'Иванов', 'Ирина', 'Никита', NULL, 0, 4545, 87121, '2021-09-08'),
(701, 'Наумов', 'Юрий', 'Юрий', NULL, 0, 4545, 505, '2021-09-08'),
(702, 'Иванов', 'Ирина', 'Никита', NULL, 0, 4545, 99212, '2021-09-08'),
(703, 'Волков', 'Евгений', 'Николай', NULL, 0, 4545, 119407, '2021-09-08'),
(704, 'Иванов', 'Ирина', 'Никита', NULL, 0, 4545, 94624, '2021-09-08'),
(705, 'Петренко', 'Никита', 'Алёна', NULL, 0, 4545, 55745, '2021-09-08'),
(706, 'Наумов', 'Юрий', 'Юрий', NULL, 0, 4545, 839, '2021-09-08'),
(707, 'Иванов', 'Ирина', 'Никита', NULL, 0, 4545, 37508, '2021-09-08'),
(708, 'Токин', 'Николай', 'Алёна', NULL, 0, 4545, 66052, '2021-09-08'),
(709, 'Белов', 'Анна', 'Ирина', NULL, 0, 4545, 171045, '2021-09-08'),
(710, 'Сорока', 'Алёна', 'Влада', NULL, 0, 4545, 43689, '2021-09-08'),
(711, 'Белов', 'Анна', 'Ирина', NULL, 0, 4545, 181877, '2021-09-08'),
(712, 'Наумов', 'Юрий', 'Юрий', NULL, 0, 4545, 2638, '2021-09-08'),
(713, 'Шкуренко', 'Влада', 'Влада', NULL, 0, 4545, 22510, '2021-09-08'),
(714, 'Токин', 'Николай', 'Алёна', NULL, 0, 4545, 69401, '2021-09-08'),
(715, 'Наумов', 'Юрий', 'Юрий', NULL, 0, 4545, 8794, '2021-09-08'),
(716, 'Волков', 'Евгений', 'Николай', NULL, 0, 4545, 124425, '2021-09-08'),
(717, 'Сорока', 'Алёна', 'Влада', NULL, 0, 4545, 44237, '2021-09-08'),
(718, 'Иванов', 'Ирина', 'Никита', NULL, 0, 4545, 99195, '2021-09-08'),
(719, 'Иванов', 'Ирина', 'Никита', NULL, 0, 4545, 92260, '2021-09-08'),
(720, 'Власов', 'Алексей', 'Ирина', NULL, 0, 4545, 161383, '2021-09-08'),
(721, 'Волков', 'Евгений', 'Николай', NULL, 0, 4545, 111903, '2021-09-08'),
(722, 'Шкуренко', 'Влада', 'Юрий', NULL, 0, 4545, 12968, '2021-09-08'),
(724, 'Токин', 'Николай', 'Алёна', NULL, 0, 4545, 67245, '2021-09-08'),
(725, 'Наумов', 'Юрий', 'Юрий', NULL, 0, 4545, 9523, '2021-09-08'),
(726, 'Петренко', 'Никита', 'Алёна', NULL, 0, 4545, 45277, '2021-09-08');
INSERT INTO `client` (`id`, `last_name`, `name`, `patronymic`, `organization`, `type`, `phone_number`, `number`, `date_open`) VALUES
(727, 'Власов', 'Алексей', 'Николай', NULL, 0, 4545, 139933, '2021-09-08'),
(728, 'Петренко', 'Никита', 'Алёна', NULL, 0, 4545, 54915, '2021-09-08'),
(729, 'Наумов', 'Юрий', 'Юрий', NULL, 0, 4545, 3648, '2021-09-08'),
(730, 'Власов', 'Алексей', 'Ирина', NULL, 0, 4545, 154531, '2021-09-08'),
(731, 'Наумов', 'Юрий', 'Юрий', NULL, 0, 4545, 9912, '2021-09-08'),
(732, 'Петренко', 'Никита', 'Алёна', NULL, 0, 4545, 45833, '2021-09-08'),
(733, 'Иванов', 'Ирина', 'Никита', NULL, 0, 4545, 94334, '2021-09-08'),
(734, 'Сорока', 'Алёна', 'Влада', NULL, 0, 4545, 42379, '2021-09-08'),
(735, 'Белов', 'Анна', 'Ирина', NULL, 0, 4545, 179602, '2021-09-08'),
(736, 'Петренко', 'Никита', 'Алёна', NULL, 0, 4545, 61882, '2021-09-08'),
(737, 'Власов', 'Алексей', 'Ирина', NULL, 0, 4545, 164903, '2021-09-08'),
(738, 'Сорока', 'Алёна', 'Влада', NULL, 0, 4545, 34571, '2021-09-08'),
(739, 'Власов', 'Алексей', 'Николай', NULL, 0, 4545, 145290, '2021-09-08'),
(740, 'Шкуренко', 'Влада', 'Влада', NULL, 0, 4545, 26768, '2021-09-08'),
(741, 'Иванов', 'Ирина', 'Никита', NULL, 0, 4545, 110822, '2021-09-08'),
(742, 'Шкуренко', 'Влада', 'Юрий', NULL, 0, 4545, 12399, '2021-09-08'),
(743, 'Петренко', 'Никита', 'Алёна', NULL, 0, 4545, 49358, '2021-09-08'),
(744, 'Иванов', 'Ирина', 'Никита', NULL, 0, 4545, 98898, '2021-09-08'),
(745, 'Белов', 'Анна', 'Ирина', NULL, 0, 4545, 169729, '2021-09-08'),
(746, 'Волков', 'Евгений', 'Николай', NULL, 0, 4545, 119069, '2021-09-08'),
(747, 'Шкуренко', 'Влада', 'Юрий', NULL, 0, 4545, 16784, '2021-09-08'),
(748, 'Волков', 'Евгений', 'Николай', NULL, 0, 4545, 132734, '2021-09-08'),
(749, 'Наумов', 'Юрий', 'Юрий', NULL, 0, 4545, 697, '2021-09-08'),
(750, 'Белов', 'Анна', 'Ирина', NULL, 0, 4545, 170651, '2021-09-08'),
(751, 'Иванов', 'Ирина', 'Никита', NULL, 0, 4545, 95040, '2021-09-08'),
(752, 'Волков', 'Евгений', 'Николай', NULL, 0, 4545, 114905, '2021-09-08'),
(753, 'Петренко', 'Никита', 'Алёна', NULL, 0, 4545, 52387, '2021-09-08'),
(754, 'Шкуренко', 'Влада', 'Влада', NULL, 0, 4545, 21863, '2021-09-08'),
(755, 'Петренко', 'Никита', 'Алёна', NULL, 0, 4545, 46935, '2021-09-08'),
(756, 'Иванов', 'Ирина', 'Никита', NULL, 0, 4545, 102800, '2021-09-08'),
(757, 'Петренко', 'Никита', 'Алёна', NULL, 0, 4545, 62485, '2021-09-08'),
(758, 'Власов', 'Алексей', 'Ирина', NULL, 0, 4545, 165794, '2021-09-08'),
(759, 'Сорока', 'Алёна', 'Влада', NULL, 0, 4545, 43455, '2021-09-08'),
(760, 'Волков', 'Евгений', 'Николай', NULL, 0, 4545, 137133, '2021-09-08'),
(761, 'Иванов', 'Ирина', 'Никита', NULL, 0, 4545, 91242, '2021-09-08'),
(762, 'Шкуренко', 'Влада', 'Влада', NULL, 0, 4545, 22316, '2021-09-08'),
(763, 'Токин', 'Николай', 'Алёна', NULL, 0, 4545, 69128, '2021-09-08'),
(764, 'Иванов', 'Ирина', 'Никита', NULL, 0, 4545, 103547, '2021-09-08'),
(765, 'Петренко', 'Никита', 'Алёна', NULL, 0, 4545, 63104, '2021-09-08'),
(766, 'Волков', 'Евгений', 'Николай', NULL, 0, 4545, 124080, '2021-09-08'),
(767, 'Токин', 'Николай', 'Никита', NULL, 0, 4545, 80231, '2021-09-08'),
(768, 'Белов', 'Анна', 'Ирина', NULL, 0, 4545, 191612, '2021-09-08'),
(769, 'Волков', 'Евгений', 'Николай', NULL, 0, 4545, 137974, '2021-09-08'),
(770, 'Иванов', 'Ирина', 'Никита', NULL, 0, 4545, 91955, '2021-09-08'),
(771, 'Наумов', 'Юрий', 'Юрий', NULL, 0, 4545, 2837, '2021-09-08'),
(772, 'Петренко', 'Никита', 'Алёна', NULL, 0, 4545, 59855, '2021-09-08'),
(773, 'Волков', 'Евгений', 'Николай', NULL, 0, 4545, 112348, '2021-09-08'),
(774, 'Волков', 'Евгений', 'Николай', NULL, 0, 4545, 133544, '2021-09-08'),
(775, 'Петренко', 'Никита', 'Алёна', NULL, 0, 4545, 50487, '2021-09-08'),
(776, 'Наумов', 'Юрий', 'Юрий', NULL, 0, 4545, 1024, '2021-09-08'),
(777, 'Иванов', 'Ирина', 'Никита', NULL, 0, 4545, 100354, '2021-09-08'),
(778, 'Белов', 'Анна', 'Ирина', NULL, 0, 4545, 171553, '2021-09-08'),
(779, 'Петренко', 'Никита', 'Алёна', NULL, 0, 4545, 46921, '2021-09-08'),
(780, 'Шкуренко', 'Влада', 'Юрий', NULL, 0, 4545, 17632, '2021-09-08'),
(781, 'Волков', 'Евгений', 'Николай', NULL, 0, 4545, 134377, '2021-09-08'),
(782, 'Петренко', 'Никита', 'Алёна', NULL, 0, 4545, 56667, '2021-09-08'),
(783, 'Шкуренко', 'Влада', 'Влада', NULL, 0, 4545, 25205, '2021-09-08'),
(784, 'Иванов', 'Ирина', 'Никита', NULL, 0, 4545, 108284, '2021-09-08'),
(785, 'Наумов', 'Юрий', 'Юрий', NULL, 0, 4545, 11074, '2021-09-08'),
(786, 'Волков', 'Евгений', 'Николай', NULL, 0, 4545, 121438, '2021-09-08'),
(787, 'Белов', 'Анна', 'Ирина', NULL, 0, 4545, 197748, '2021-09-08'),
(788, 'Власов', 'Алексей', 'Николай', NULL, 0, 4545, 143302, '2021-09-08'),
(789, 'Сорока', 'Алёна', 'Влада', NULL, 0, 4545, 38846, '2021-09-08'),
(790, 'Токин', 'Николай', 'Никита', NULL, 0, 4545, 85212, '2021-09-08'),
(791, 'Власов', 'Алексей', 'Николай', NULL, 0, 4545, 152468, '2021-09-08'),
(792, 'Петренко', 'Никита', 'Алёна', NULL, 0, 4545, 63709, '2021-09-08'),
(793, 'Сорока', 'Алёна', 'Влада', NULL, 0, 4545, 30758, '2021-09-08'),
(794, 'Власов', 'Алексей', 'Ирина', NULL, 0, 4545, 167600, '2021-09-08'),
(795, 'Волков', 'Евгений', 'Николай', NULL, 0, 4545, 117240, '2021-09-08'),
(796, 'Власов', 'Алексей', 'Николай', NULL, 0, 4545, 138798, '2021-09-08'),
(797, 'Белов', 'Анна', 'Ирина', NULL, 0, 4545, 183353, '2021-09-08'),
(798, 'Сорока', 'Алёна', 'Влада', NULL, 0, 4545, 27700, '2021-09-08'),
(799, 'Наумов', 'Юрий', 'Юрий', NULL, 0, 4545, 3177, '2021-09-08'),
(800, 'Власов', 'Алексей', 'Ирина', NULL, 0, 4545, 153349, '2021-09-08'),
(801, 'Токин', 'Николай', 'Алёна', NULL, 0, 4545, 70397, '2021-09-08'),
(802, 'Наумов', 'Юрий', 'Юрий', NULL, 0, 4545, 9392, '2021-09-08'),
(803, 'Белов', 'Анна', 'Ирина', NULL, 0, 4545, 168517, '2021-09-08'),
(804, 'Шкуренко', 'Влада', 'Влада', NULL, 0, 4545, 20376, '2021-09-08'),
(805, 'Иванов', 'Ирина', 'Никита', NULL, 0, 4545, 100337, '2021-09-08'),
(806, 'Сорока', 'Алёна', 'Влада', NULL, 0, 4545, 28180, '2021-09-08'),
(807, 'Сорока', 'Алёна', 'Влада', NULL, 0, 4545, 41655, '2021-09-08'),
(808, 'Белов', 'Анна', 'Ирина', NULL, 0, 4545, 178340, '2021-09-08'),
(809, 'Волков', 'Евгений', 'Николай', NULL, 0, 4545, 126488, '2021-09-08'),
(810, 'Шкуренко', 'Влада', 'Влада', NULL, 0, 4545, 20822, '2021-09-08'),
(811, 'Власов', 'Алексей', 'Ирина', NULL, 0, 4545, 163687, '2021-09-08'),
(812, 'Волков', 'Евгений', 'Николай', NULL, 0, 4545, 135193, '2021-09-08'),
(813, 'Иванов', 'Ирина', 'Никита', NULL, 0, 4545, 89599, '2021-09-08'),
(814, 'Петренко', 'Никита', 'Алёна', NULL, 0, 4545, 51626, '2021-09-08'),
(815, 'Токин', 'Николай', 'Алёна', NULL, 0, 4545, 67651, '2021-09-08'),
(816, 'Белов', 'Анна', 'Ирина', NULL, 0, 4545, 173388, '2021-09-08'),
(817, 'Волков', 'Евгений', 'Николай', NULL, 0, 4545, 122218, '2021-09-08'),
(818, 'Токин', 'Николай', 'Никита', NULL, 0, 4545, 78669, '2021-09-08'),
(819, 'Власов', 'Алексей', 'Николай', NULL, 0, 4545, 144139, '2021-09-08'),
(820, 'Волков', 'Евгений', 'Николай', NULL, 0, 4545, 136029, '2021-09-08'),
(821, 'Наумов', 'Юрий', 'Юрий', NULL, 0, 4545, 5417, '2021-09-08'),
(822, 'Токин', 'Николай', 'Алёна', NULL, 0, 4545, 74483, '2021-09-08'),
(823, 'Сорока', 'Алёна', 'Влада', NULL, 0, 4545, 39362, '2021-09-08'),
(824, 'Белов', 'Анна', 'Ирина', NULL, 0, 4545, 174319, '2021-09-08'),
(825, 'Шкуренко', 'Влада', 'Влада', NULL, 0, 4545, 23207, '2021-09-08'),
(826, 'Петренко', 'Никита', 'Алёна', NULL, 0, 4545, 48598, '2021-09-08'),
(827, 'Шкуренко', 'Влада', 'Юрий', NULL, 0, 4545, 18925, '2021-09-08'),
(828, 'Сорока', 'Алёна', 'Влада', NULL, 0, 4545, 31240, '2021-09-08'),
(829, 'Белов', 'Анна', 'Ирина', NULL, 0, 4545, 168497, '2021-09-08'),
(830, 'Токин', 'Николай', 'Никита', NULL, 0, 4545, 75143, '2021-09-08'),
(831, 'Сорока', 'Алёна', 'Влада', NULL, 0, 4545, 39894, '2021-09-08'),
(832, 'Белов', 'Анна', 'Ирина', NULL, 0, 4545, 184283, '2021-09-08'),
(833, 'Иванов', 'Ирина', 'Никита', NULL, 0, 4545, 105768, '2021-09-08'),
(834, 'Сорока', 'Алёна', 'Влада', NULL, 0, 4545, 31736, '2021-09-08'),
(835, 'Белов', 'Анна', 'Ирина', NULL, 0, 4545, 194491, '2021-09-08'),
(836, 'Власов', 'Алексей', 'Николай', NULL, 0, 4545, 140473, '2021-09-08'),
(837, 'Белов', 'Анна', 'Ирина', NULL, 0, 4545, 185240, '2021-09-08'),
(838, 'Наумов', 'Юрий', 'Юрий', NULL, 0, 4545, 3875, '2021-09-08'),
(839, 'Токин', 'Николай', 'Алёна', NULL, 0, 4545, 71677, '2021-09-08'),
(840, 'Сорока', 'Алёна', 'Влада', NULL, 0, 4545, 37110, '2021-09-08'),
(841, 'Наумов', 'Юрий', 'Юрий', NULL, 0, 4545, 10161, '2021-09-08'),
(842, 'Петренко', 'Никита', 'Алёна', NULL, 0, 4545, 51612, '2021-09-08'),
(843, 'Петренко', 'Никита', 'Алёна', NULL, 0, 4545, 46187, '2021-09-08'),
(844, 'Иванов', 'Ирина', 'Никита', NULL, 0, 4545, 101803, '2021-09-08'),
(845, 'Петренко', 'Никита', 'Алёна', NULL, 0, 4545, 61660, '2021-09-08'),
(846, 'Сорока', 'Алёна', 'Влада', NULL, 0, 4545, 42726, '2021-09-08'),
(847, 'Волков', 'Евгений', 'Николай', NULL, 0, 4545, 136009, '2021-09-08'),
(848, 'Иванов', 'Ирина', 'Никита', NULL, 0, 4545, 90291, '2021-09-08'),
(849, 'Петренко', 'Никита', 'Алёна', NULL, 0, 4545, 52191, '2021-09-08'),
(850, 'Власов', 'Алексей', 'Николай', NULL, 0, 4545, 150437, '2021-09-08'),
(851, 'Иванов', 'Ирина', 'Никита', NULL, 0, 4545, 102547, '2021-09-08'),
(852, 'Наумов', 'Юрий', 'Юрий', NULL, 0, 4545, 8120, '2021-09-08'),
(853, 'Власов', 'Алексей', 'Ирина', NULL, 0, 4545, 165485, '2021-09-08'),
(854, 'Шкуренко', 'Влада', 'Влада', NULL, 0, 4545, 26596, '2021-09-08'),
(855, 'Наумов', 'Юрий', 'Юрий', NULL, 0, 4545, 2372, '2021-09-08'),
(856, 'Власов', 'Алексей', 'Николай', NULL, 0, 4545, 151314, '2021-09-08'),
(857, 'Иванов', 'Ирина', 'Никита', NULL, 0, 4545, 86570, '2021-09-08'),
(858, 'Петренко', 'Никита', 'Алёна', NULL, 0, 4545, 49152, '2021-09-08'),
(859, 'Белов', 'Анна', 'Ирина', NULL, 0, 4545, 191285, '2021-09-08'),
(860, 'Петренко', 'Никита', 'Алёна', NULL, 0, 4545, 59043, '2021-09-08'),
(861, 'Власов', 'Алексей', 'Ирина', NULL, 0, 4545, 160693, '2021-09-08'),
(862, 'Волков', 'Евгений', 'Николай', NULL, 0, 4545, 111312, '2021-09-08'),
(863, 'Белов', 'Анна', 'Ирина', NULL, 0, 4545, 185216, '2021-09-08'),
(864, 'Белов', 'Анна', 'Ирина', NULL, 0, 4545, 176164, '2021-09-08'),
(865, 'Шкуренко', 'Влада', 'Влада', NULL, 0, 4545, 24117, '2021-09-08'),
(866, 'Наумов', 'Юрий', 'Юрий', NULL, 0, 4545, 576, '2021-09-08'),
(867, 'Токин', 'Николай', 'Алёна', NULL, 0, 4545, 65555, '2021-09-08'),
(868, 'Сорока', 'Алёна', 'Влада', NULL, 0, 4545, 32224, '2021-09-08'),
(869, 'Петренко', 'Никита', 'Алёна', NULL, 0, 4545, 46174, '2021-09-08'),
(870, 'Шкуренко', 'Влада', 'Юрий', NULL, 0, 4545, 17057, '2021-09-08'),
(871, 'Сорока', 'Алёна', 'Влада', NULL, 0, 4545, 40949, '2021-09-08'),
(872, 'Петренко', 'Никита', 'Алёна', NULL, 0, 4545, 55870, '2021-09-08'),
(873, 'Шкуренко', 'Влада', 'Влада', NULL, 0, 4545, 24580, '2021-09-08'),
(874, 'Власов', 'Алексей', 'Ирина', NULL, 0, 4545, 155962, '2021-09-08'),
(875, 'Иванов', 'Ирина', 'Никита', NULL, 0, 4545, 107263, '2021-09-08'),
(876, 'Токин', 'Николай', 'Алёна', NULL, 0, 4545, 66184, '2021-09-08'),
(877, 'Волков', 'Евгений', 'Николай', NULL, 0, 4545, 128080, '2021-09-08'),
(878, 'Власов', 'Алексей', 'Николай', NULL, 0, 4545, 142155, '2021-09-08'),
(879, 'Шкуренко', 'Влада', 'Юрий', NULL, 0, 4545, 14822, '2021-09-08'),
(880, 'Белов', 'Анна', 'Ирина', NULL, 0, 4545, 181130, '2021-09-08'),
(881, 'Волков', 'Евгений', 'Николай', NULL, 0, 4545, 128898, '2021-09-08'),
(882, 'Белов', 'Анна', 'Ирина', NULL, 0, 4545, 197413, '2021-09-08'),
(883, 'Токин', 'Николай', 'Никита', NULL, 0, 4545, 79987, '2021-09-08'),
(884, 'Белов', 'Анна', 'Ирина', NULL, 0, 4545, 182078, '2021-09-08'),
(885, 'Токин', 'Николай', 'Алёна', NULL, 0, 4545, 69536, '2021-09-08'),
(886, 'Власов', 'Алексей', 'Ирина', NULL, 0, 4545, 167289, '2021-09-08'),
(887, 'Петренко', 'Никита', 'Алёна', NULL, 0, 4545, 59634, '2021-09-08'),
(888, 'Токин', 'Николай', 'Алёна', NULL, 0, 4545, 70180, '2021-09-08'),
(889, 'Белов', 'Анна', 'Ирина', NULL, 0, 4545, 193207, '2021-09-08'),
(890, 'Сорока', 'Алёна', 'Влада', NULL, 0, 4545, 32712, '2021-09-08'),
(891, 'Сорока', 'Алёна', 'Влада', NULL, 0, 4545, 41473, '2021-09-08'),
(892, 'Петренко', 'Никита', 'Алёна', NULL, 0, 4545, 50854, '2021-09-08'),
(893, 'Шкуренко', 'Влада', 'Юрий', NULL, 0, 4545, 17907, '2021-09-08'),
(894, 'Токин', 'Николай', 'Алёна', NULL, 0, 4545, 73603, '2021-09-08'),
(895, 'Шкуренко', 'Влада', 'Влада', NULL, 0, 4545, 22595, '2021-09-08'),
(896, 'Петренко', 'Никита', 'Алёна', NULL, 0, 4545, 63484, '2021-09-08'),
(897, 'Белов', 'Анна', 'Ирина', NULL, 0, 4545, 183007, '2021-09-08'),
(898, 'Власов', 'Алексей', 'Ирина', NULL, 0, 4545, 153029, '2021-09-08'),
(899, 'Сорока', 'Алёна', 'Влада', NULL, 0, 4545, 31073, '2021-09-08'),
(900, 'Белов', 'Анна', 'Ирина', NULL, 0, 4545, 193184, '2021-09-08'),
(901, 'Власов', 'Алексей', 'Николай', NULL, 0, 4545, 139338, '2021-09-08'),
(902, 'Сорока', 'Алёна', 'Влада', NULL, 0, 4545, 28005, '2021-09-08'),
(903, 'Наумов', 'Юрий', 'Юрий', NULL, 0, 4545, 3402, '2021-09-08'),
(904, 'Иванов', 'Ирина', 'Никита', NULL, 0, 4545, 105512, '2021-09-08'),
(905, 'Белов', 'Анна', 'Ирина', NULL, 0, 4545, 177998, '2021-09-08'),
(906, 'Токин', 'Николай', 'Никита', NULL, 0, 4545, 82009, '2021-09-08'),
(907, 'Шкуренко', 'Влада', 'Влада', NULL, 0, 4545, 20661, '2021-09-08'),
(908, 'Белов', 'Анна', 'Ирина', NULL, 0, 4545, 194160, '2021-09-08'),
(909, 'Власов', 'Алексей', 'Николай', NULL, 0, 4545, 140185, '2021-09-08'),
(910, 'Наумов', 'Юрий', 'Юрий', NULL, 0, 4545, 7238, '2021-09-08'),
(911, 'Власов', 'Алексей', 'Ирина', NULL, 0, 4545, 163360, '2021-09-08'),
(912, 'Наумов', 'Юрий', 'Юрий', NULL, 0, 4545, 3754, '2021-09-08'),
(913, 'Шкуренко', 'Влада', 'Юрий', NULL, 0, 4545, 13863, '2021-09-08'),
(914, 'Белов', 'Анна', 'Ирина', NULL, 0, 4545, 178939, '2021-09-08'),
(915, 'Иванов', 'Ирина', 'Никита', NULL, 0, 4545, 89344, '2021-09-08'),
(916, 'Шкуренко', 'Влада', 'Влада', NULL, 0, 4545, 21108, '2021-09-08'),
(917, 'Иванов', 'Ирина', 'Никита', NULL, 0, 4545, 101551, '2021-09-08'),
(918, 'Власов', 'Алексей', 'Ирина', NULL, 0, 4545, 164267, '2021-09-08'),
(919, 'Шкуренко', 'Влада', 'Юрий', NULL, 0, 4545, 14276, '2021-09-08'),
(920, 'Наумов', 'Юрий', 'Юрий', NULL, 0, 4545, 1912, '2021-09-08'),
(921, 'Наумов', 'Юрий', 'Юрий', NULL, 0, 4545, 11715, '2021-09-08'),
(922, 'Сорока', 'Алёна', 'Влада', NULL, 0, 4545, 34215, '2021-09-08'),
(923, 'Шкуренко', 'Влада', 'Юрий', NULL, 0, 4545, 18766, '2021-09-08'),
(924, 'Сорока', 'Алёна', 'Влада', NULL, 0, 4545, 31061, '2021-09-08'),
(925, 'Власов', 'Алексей', 'Ирина', NULL, 0, 4545, 159490, '2021-09-08'),
(926, 'Иванов', 'Ирина', 'Никита', NULL, 0, 4545, 110282, '2021-09-08'),
(927, 'Сорока', 'Алёна', 'Влада', NULL, 0, 4545, 39701, '2021-09-08'),
(928, 'Наумов', 'Юрий', 'Юрий', NULL, 0, 4545, 12117, '2021-09-08'),
(929, 'Шкуренко', 'Влада', 'Влада', NULL, 0, 4545, 23499, '2021-09-08'),
(930, 'Петренко', 'Никита', 'Алёна', NULL, 0, 4545, 48959, '2021-09-08'),
(931, 'Иванов', 'Ирина', 'Никита', NULL, 0, 4545, 105493, '2021-09-08'),
(932, 'Токин', 'Николай', 'Алёна', NULL, 0, 4545, 64716, '2021-09-08'),
(933, 'Сорока', 'Алёна', 'Влада', NULL, 0, 4545, 31557, '2021-09-08'),
(934, 'Волков', 'Евгений', 'Николай', NULL, 0, 4545, 118514, '2021-09-08'),
(935, 'Токин', 'Николай', 'Никита', NULL, 0, 4545, 75563, '2021-09-08'),
(936, 'Белов', 'Анна', 'Ирина', NULL, 0, 4545, 184892, '2021-09-08'),
(937, 'Петренко', 'Никита', 'Алёна', NULL, 0, 4545, 55077, '2021-09-08'),
(938, 'Наумов', 'Юрий', 'Юрий', NULL, 0, 4545, 10020, '2021-09-08'),
(939, 'Токин', 'Николай', 'Никита', NULL, 0, 4545, 82678, '2021-09-08'),
(940, 'Власов', 'Алексей', 'Николай', NULL, 0, 4545, 141014, '2021-09-08'),
(941, 'Волков', 'Евгений', 'Николай', NULL, 0, 4545, 114359, '2021-09-08'),
(942, 'Сорока', 'Алёна', 'Влада', NULL, 0, 4545, 37442, '2021-09-08'),
(943, 'Волков', 'Евгений', 'Николай', NULL, 0, 4545, 127803, '2021-09-08'),
(944, 'Белов', 'Анна', 'Ирина', NULL, 0, 4545, 196097, '2021-09-08'),
(945, 'Петренко', 'Никита', 'Алёна', NULL, 0, 4545, 62052, '2021-09-08'),
(946, 'Сорока', 'Алёна', 'Влада', NULL, 0, 4545, 29446, '2021-09-08'),
(947, 'Токин', 'Николай', 'Никита', NULL, 0, 4545, 79083, '2021-09-08'),
(948, 'Сорока', 'Алёна', 'Влада', NULL, 0, 4545, 43072, '2021-09-08'),
(949, 'Токин', 'Николай', 'Алёна', NULL, 0, 4545, 72742, '2021-09-08'),
(950, 'Волков', 'Евгений', 'Николай', NULL, 0, 4545, 136543, '2021-09-08'),
(951, 'Наумов', 'Юрий', 'Юрий', NULL, 0, 4545, 2247, '2021-09-08'),
(952, 'Власов', 'Алексей', 'Николай', NULL, 0, 4545, 150995, '2021-09-08'),
(953, 'Сорока', 'Алёна', 'Влада', NULL, 0, 4545, 34712, '2021-09-08'),
(954, 'Наумов', 'Юрий', 'Юрий', NULL, 0, 4545, 8363, '2021-09-08'),
(955, 'Власов', 'Алексей', 'Ирина', NULL, 0, 4545, 166065, '2021-09-08'),
(956, 'Токин', 'Николай', 'Никита', NULL, 0, 4545, 79757, '2021-09-08'),
(957, 'Иванов', 'Ирина', 'Никита', NULL, 0, 4545, 98365, '2021-09-08'),
(958, 'Власов', 'Алексей', 'Ирина', NULL, 0, 4545, 160366, '2021-09-08'),
(959, 'Сорока', 'Алёна', 'Влада', NULL, 0, 4545, 35223, '2021-09-08'),
(960, 'Петренко', 'Никита', 'Алёна', NULL, 0, 4545, 49515, '2021-09-08'),
(961, 'Власов', 'Алексей', 'Николай', NULL, 0, 4545, 146391, '2021-09-08'),
(962, 'Иванов', 'Ирина', 'Никита', NULL, 0, 4545, 99099, '2021-09-08'),
(963, 'Петренко', 'Никита', 'Алёна', NULL, 0, 4545, 59428, '2021-09-08'),
(964, 'Власов', 'Алексей', 'Ирина', NULL, 0, 4545, 161266, '2021-09-08'),
(965, 'Волков', 'Евгений', 'Николай', NULL, 0, 4545, 111805, '2021-09-08'),
(966, 'Волков', 'Евгений', 'Николай', NULL, 0, 4545, 132961, '2021-09-08'),
(967, 'Иванов', 'Ирина', 'Никита', NULL, 0, 4545, 87714, '2021-09-08'),
(968, 'Наумов', 'Юрий', 'Юрий', NULL, 0, 4545, 788, '2021-09-08'),
(969, 'Власов', 'Алексей', 'Николай', NULL, 0, 4545, 147256, '2021-09-08'),
(970, 'Наумов', 'Юрий', 'Юрий', NULL, 0, 4545, 10402, '2021-09-08'),
(971, 'Сорока', 'Алёна', 'Влада', NULL, 0, 4545, 32542, '2021-09-08'),
(972, 'Петренко', 'Никита', 'Алёна', NULL, 0, 4545, 46530, '2021-09-08'),
(973, 'Шкуренко', 'Влада', 'Юрий', NULL, 0, 4545, 17330, '2021-09-08'),
(974, 'Шкуренко', 'Влада', 'Влада', NULL, 0, 4545, 24878, '2021-09-08'),
(975, 'Волков', 'Евгений', 'Николай', NULL, 0, 4545, 128600, '2021-09-08'),
(976, 'Петренко', 'Никита', 'Алёна', NULL, 0, 4545, 62654, '2021-09-08'),
(977, 'Власов', 'Алексей', 'Ирина', NULL, 0, 4545, 157419, '2021-09-08'),
(978, 'Белов', 'Анна', 'Ирина', NULL, 0, 4545, 181733, '2021-09-08'),
(979, 'Шкуренко', 'Влада', 'Влада', NULL, 0, 4545, 22441, '2021-09-08'),
(980, 'Петренко', 'Никита', 'Алёна', NULL, 0, 4545, 63275, '2021-09-08'),
(981, 'Белов', 'Анна', 'Ирина', NULL, 0, 4545, 191880, '2021-09-08'),
(982, 'Сорока', 'Алёна', 'Влада', NULL, 0, 4545, 27364, '2021-09-08'),
(983, 'Наумов', 'Юрий', 'Юрий', NULL, 0, 4545, 9121, '2021-09-08'),
(984, 'Иванов', 'Ирина', 'Никита', NULL, 0, 4545, 99820, '2021-09-08'),
(985, 'Волков', 'Евгений', 'Николай', NULL, 0, 4545, 133774, '2021-09-08'),
(986, 'Волков', 'Евгений', 'Николай', NULL, 0, 4545, 134606, '2021-09-08'),
(987, 'Волков', 'Евгений', 'Николай', NULL, 0, 4545, 121658, '2021-09-08'),
(988, 'Шкуренко', 'Влада', 'Влада', NULL, 0, 4545, 22886, '2021-09-08'),
(989, 'Сорока', 'Алёна', 'Влада', NULL, 0, 4545, 30894, '2021-09-08'),
(990, 'Белов', 'Анна', 'Ирина', NULL, 0, 4545, 199995, '2021-09-08'),
(991, 'Токин', 'Николай', 'Алёна', NULL, 0, 4545, 71221, '2021-09-08'),
(992, 'Петренко', 'Никита', 'Алёна', NULL, 0, 4545, 51208, '2021-09-08'),
(993, 'Власов', 'Алексей', 'Ирина', NULL, 0, 4545, 163937, '2021-09-08'),
(994, 'Шкуренко', 'Влада', 'Юрий', NULL, 0, 4545, 14126, '2021-09-08'),
(995, 'Шкуренко', 'Влада', 'Влада', NULL, 0, 4545, 21393, '2021-09-08'),
(996, 'Волков', 'Евгений', 'Николай', NULL, 0, 4545, 122439, '2021-09-08'),
(997, 'Сорока', 'Алёна', 'Влада', NULL, 0, 4545, 34539, '2021-09-08'),
(998, 'Шкуренко', 'Влада', 'Юрий', NULL, 0, 4545, 19044, '2021-09-08'),
(999, 'Волков', 'Евгений', 'Николай', NULL, 0, 4545, 118227, '2021-09-08'),
(1000, 'Белов', 'Анна', 'Ирина', NULL, 0, 4545, 184547, '2021-09-08'),
(1001, 'Петренко', 'Никита', 'Алёна', NULL, 0, 4545, 49322, '2021-09-08'),
(1002, 'Наумов', 'Юрий', 'Юрий', NULL, 0, 4545, 9878, '2021-09-08'),
(1003, 'Петренко', 'Никита', 'Алёна', NULL, 0, 4545, 45784, '2021-09-08'),
(1004, 'Петренко', 'Никита', 'Алёна', NULL, 0, 4545, 55454, '2021-09-08'),
(1005, 'Власов', 'Алексей', 'Ирина', NULL, 0, 4545, 155339, '2021-09-08'),
(1006, 'Власов', 'Алексей', 'Ирина', NULL, 0, 4545, 164823, '2021-09-08'),
(1007, 'Шкуренко', 'Влада', 'Юрий', NULL, 0, 4545, 14530, '2021-09-08'),
(1008, 'Шкуренко', 'Влада', 'Влада', NULL, 0, 4545, 21834, '2021-09-08'),
(1009, 'Иванов', 'Ирина', 'Никита', NULL, 0, 4545, 102752, '2021-09-08'),
(1010, 'Власов', 'Алексей', 'Ирина', NULL, 0, 4545, 165736, '2021-09-08'),
(1011, 'Белов', 'Анна', 'Ирина', NULL, 0, 4545, 181412, '2021-09-08'),
(1012, 'Иванов', 'Ирина', 'Никита', NULL, 0, 4545, 110754, '2021-09-08'),
(1013, 'Сорока', 'Алёна', 'Влада', NULL, 0, 4545, 35037, '2021-09-08'),
(1014, 'Волков', 'Евгений', 'Николай', NULL, 0, 4545, 124029, '2021-09-08'),
(1015, 'Петренко', 'Никита', 'Алёна', NULL, 0, 4545, 59208, '2021-09-08'),
(1016, 'Волков', 'Евгений', 'Николай', NULL, 0, 4545, 132662, '2021-09-08'),
(1017, 'Иванов', 'Ирина', 'Никита', NULL, 0, 4545, 87460, '2021-09-08'),
(1018, 'Шкуренко', 'Влада', 'Влада', NULL, 0, 4545, 19915, '2021-09-08'),
(1019, 'Иванов', 'Ирина', 'Никита', NULL, 0, 4545, 99570, '2021-09-08'),
(1020, 'Шкуренко', 'Влада', 'Юрий', NULL, 0, 4545, 17175, '2021-09-08'),
(1021, 'Иванов', 'Ирина', 'Никита', NULL, 0, 4545, 88162, '2021-09-08'),
(1022, 'Токин', 'Николай', 'Алёна', NULL, 0, 4545, 66358, '2021-09-08'),
(1023, 'Токин', 'Николай', 'Никита', NULL, 0, 4545, 77302, '2021-09-08'),
(1024, 'Сорока', 'Алёна', 'Влада', NULL, 0, 4545, 29745, '2021-09-08'),
(1025, 'Токин', 'Николай', 'Алёна', NULL, 0, 4545, 73143, '2021-09-08'),
(1026, 'Наумов', 'Юрий', 'Юрий', NULL, 0, 4545, 11047, '2021-09-08'),
(1027, 'Токин', 'Николай', 'Никита', NULL, 0, 4545, 84476, '2021-09-08'),
(1028, 'Власов', 'Алексей', 'Ирина', NULL, 0, 4545, 166627, '2021-09-08'),
(1029, 'Шкуренко', 'Влада', 'Юрий', NULL, 0, 4545, 15355, '2021-09-08'),
(1030, 'Белов', 'Анна', 'Ирина', NULL, 0, 4545, 198671, '2021-09-08'),
(1031, 'Токин', 'Николай', 'Никита', NULL, 0, 4545, 80851, '2021-09-08'),
(1032, 'Власов', 'Алексей', 'Николай', NULL, 0, 4545, 138744, '2021-09-08'),
(1033, 'Петренко', 'Никита', 'Алёна', NULL, 0, 4545, 54089, '2021-09-08'),
(1034, 'Власов', 'Алексей', 'Ирина', NULL, 0, 4545, 153293, '2021-09-08'),
(1035, 'Петренко', 'Никита', 'Алёна', NULL, 0, 4545, 50437, '2021-09-08'),
(1036, 'Иванов', 'Ирина', 'Никита', NULL, 0, 4545, 100290, '2021-09-08'),
(1037, 'Власов', 'Алексей', 'Ирина', NULL, 0, 4545, 162724, '2021-09-08'),
(1038, 'Шкуренко', 'Влада', 'Юрий', NULL, 0, 4545, 13575, '2021-09-08'),
(1039, 'Власов', 'Алексей', 'Николай', NULL, 0, 4545, 148658, '2021-09-08'),
(1040, 'Волков', 'Евгений', 'Николай', NULL, 0, 4545, 121368, '2021-09-08'),
(1041, 'Иванов', 'Ирина', 'Никита', NULL, 0, 4545, 89554, '2021-09-08'),
(1042, 'Сорока', 'Алёна', 'Влада', NULL, 0, 4545, 38800, '2021-09-08'),
(1043, 'Волков', 'Евгений', 'Николай', NULL, 0, 4545, 122167, '2021-09-08'),
(1044, 'Белов', 'Анна', 'Ирина', NULL, 0, 4545, 189307, '2021-09-08'),
(1045, 'Иванов', 'Ирина', 'Никита', NULL, 0, 4545, 109745, '2021-09-08'),
(1046, 'Волков', 'Евгений', 'Николай', NULL, 0, 4545, 130747, '2021-09-08'),
(1047, 'Власов', 'Алексей', 'Николай', NULL, 0, 4545, 144943, '2021-09-08'),
(1048, 'Токин', 'Николай', 'Никита', NULL, 0, 4545, 75100, '2021-09-08'),
(1049, 'Белов', 'Анна', 'Ирина', NULL, 0, 4545, 184223, '2021-09-08'),
(1050, 'Токин', 'Николай', 'Алёна', NULL, 0, 4545, 64902, '2021-09-08'),
(1051, 'Шкуренко', 'Влада', 'Влада', NULL, 0, 4545, 20783, '2021-09-08'),
(1052, 'Иванов', 'Ирина', 'Никита', NULL, 0, 4545, 94026, '2021-09-08'),
(1053, 'Волков', 'Евгений', 'Николай', NULL, 0, 4545, 113812, '2021-09-08'),
(1054, 'Волков', 'Евгений', 'Николай', NULL, 0, 4545, 127232, '2021-09-08'),
(1055, 'Иванов', 'Ирина', 'Никита', NULL, 0, 4545, 101755, '2021-09-08'),
(1056, 'Токин', 'Николай', 'Никита', NULL, 0, 4545, 78610, '2021-09-08'),
(1057, 'Шкуренко', 'Влада', 'Юрий', NULL, 0, 4545, 14389, '2021-09-08'),
(1058, 'Иванов', 'Ирина', 'Никита', NULL, 0, 4545, 109726, '2021-09-08'),
(1059, 'Белов', 'Анна', 'Ирина', NULL, 0, 4545, 174237, '2021-09-08'),
(1060, 'Волков', 'Евгений', 'Николай', NULL, 0, 4545, 136794, '2021-09-08'),
(1061, 'Иванов', 'Ирина', 'Никита', NULL, 0, 4545, 110493, '2021-09-08'),
(1062, 'Петренко', 'Никита', 'Алёна', NULL, 0, 4545, 49115, '2021-09-08'),
(1063, 'Наумов', 'Юрий', 'Юрий', NULL, 0, 4545, 6117, '2021-09-08'),
(1064, 'Шкуренко', 'Влада', 'Юрий', NULL, 0, 4545, 12631, '2021-09-08'),
(1065, 'Шкуренко', 'Влада', 'Влада', NULL, 0, 4545, 24087, '2021-09-08'),
(1066, 'Сорока', 'Алёна', 'Влада', NULL, 0, 4545, 32191, '2021-09-08'),
(1067, 'Власов', 'Алексей', 'Николай', NULL, 0, 4545, 141249, '2021-09-08'),
(1068, 'Петренко', 'Никита', 'Алёна', NULL, 0, 4545, 55831, '2021-09-08'),
(1069, 'Волков', 'Евгений', 'Николай', NULL, 0, 4545, 128028, '2021-09-08'),
(1070, 'Сорока', 'Алёна', 'Влада', NULL, 0, 4545, 29579, '2021-09-08'),
(1071, 'Шкуренко', 'Влада', 'Юрий', NULL, 0, 4545, 14795, '2021-09-08'),
(1072, 'Петренко', 'Никита', 'Алёна', NULL, 0, 4545, 52720, '2021-09-08'),
(1073, 'Петренко', 'Никита', 'Алёна', NULL, 0, 4545, 62839, '2021-09-08'),
(1074, 'Токин', 'Николай', 'Никита', NULL, 0, 4545, 79942, '2021-09-08'),
(1075, 'Наумов', 'Юрий', 'Юрий', NULL, 0, 4545, 2688, '2021-09-08'),
(1076, 'Сорока', 'Алёна', 'Влада', NULL, 0, 4545, 35364, '2021-09-08'),
(1077, 'Белов', 'Анна', 'Ирина', NULL, 0, 4545, 192171, '2021-09-08'),
(1078, 'Волков', 'Евгений', 'Николай', NULL, 0, 4545, 112018, '2021-09-08'),
(1079, 'Шкуренко', 'Влада', 'Влада', NULL, 0, 4545, 20197, '2021-09-08'),
(1080, 'Сорока', 'Алёна', 'Влада', NULL, 0, 4545, 32680, '2021-09-08'),
(1081, 'Иванов', 'Ирина', 'Никита', NULL, 0, 4545, 95437, '2021-09-08'),
(1082, 'Шкуренко', 'Влада', 'Влада', NULL, 0, 4545, 25005, '2021-09-08'),
(1083, 'Петренко', 'Никита', 'Алёна', NULL, 0, 4545, 47244, '2021-09-08'),
(1084, 'Белов', 'Анна', 'Ирина', NULL, 0, 4545, 188015, '2021-09-08'),
(1085, 'Власов', 'Алексей', 'Ирина', NULL, 0, 4545, 157664, '2021-09-08'),
(1086, 'Петренко', 'Никита', 'Алёна', NULL, 0, 4545, 53291, '2021-09-08'),
(1087, 'Власов', 'Алексей', 'Николай', NULL, 0, 4545, 143793, '2021-09-08'),
(1088, 'Токин', 'Николай', 'Алёна', NULL, 0, 4545, 74218, '2021-09-08'),
(1089, 'Шкуренко', 'Влада', 'Влада', NULL, 0, 4545, 23023, '2021-09-08'),
(1090, 'Петренко', 'Никита', 'Алёна', NULL, 0, 4545, 64066, '2021-09-08'),
(1091, 'Петренко', 'Никита', 'Алёна', NULL, 0, 4545, 44855, '2021-09-08'),
(1092, 'Иванов', 'Ирина', 'Никита', NULL, 0, 4545, 93063, '2021-09-08'),
(1093, 'Белов', 'Анна', 'Ирина', NULL, 0, 4545, 177938, '2021-09-08'),
(1094, 'Власов', 'Алексей', 'Николай', NULL, 0, 4545, 148342, '2021-09-08'),
(1095, 'Власов', 'Алексей', 'Ирина', NULL, 0, 4545, 163300, '2021-09-08'),
(1096, 'Шкуренко', 'Влада', 'Юрий', NULL, 0, 4545, 13836, '2021-09-08'),
(1097, 'Наумов', 'Юрий', 'Юрий', NULL, 0, 4545, 1548, '2021-09-08'),
(1098, 'Петренко', 'Никита', 'Алёна', NULL, 0, 4545, 47792, '2021-09-08'),
(1099, 'Иванов', 'Ирина', 'Никита', NULL, 0, 4545, 96874, '2021-09-08'),
(1100, 'Наумов', 'Юрий', 'Юрий', NULL, 0, 4545, 11690, '2021-09-08'),
(1101, 'Шкуренко', 'Влада', 'Юрий', NULL, 0, 4545, 18738, '2021-09-08'),
(1102, 'Иванов', 'Ирина', 'Никита', NULL, 0, 4545, 97604, '2021-09-08'),
(1103, 'Волков', 'Евгений', 'Николай', NULL, 0, 4545, 117673, '2021-09-08'),
(1104, 'Белов', 'Анна', 'Ирина', NULL, 0, 4545, 183876, '2021-09-08'),
(1105, 'Токин', 'Николай', 'Никита', NULL, 0, 4545, 86290, '2021-09-08'),
(1106, 'Иванов', 'Ирина', 'Никита', NULL, 0, 4545, 105445, '2021-09-08'),
(1107, 'Белов', 'Анна', 'Ирина', NULL, 0, 4545, 169023, '2021-09-08'),
(1108, 'Токин', 'Николай', 'Никита', NULL, 0, 4545, 75521, '2021-09-08'),
(1109, 'Петренко', 'Никита', 'Алёна', NULL, 0, 4545, 55038, '2021-09-08'),
(1110, 'Белов', 'Анна', 'Ирина', NULL, 0, 4545, 178857, '2021-09-08'),
(1111, 'Петренко', 'Никита', 'Алёна', NULL, 0, 4545, 45949, '2021-09-08'),
(1112, 'Иванов', 'Ирина', 'Никита', NULL, 0, 4545, 101485, '2021-09-08'),
(1113, 'Наумов', 'Юрий', 'Юрий', NULL, 0, 4545, 4078, '2021-09-08'),
(1114, 'Сорока', 'Алёна', 'Влада', NULL, 0, 4545, 42494, '2021-09-08'),
(1115, 'Сорока', 'Алёна', 'Влада', NULL, 0, 4545, 37408, '2021-09-08'),
(1116, 'Иванов', 'Ирина', 'Никита', NULL, 0, 4545, 89989, '2021-09-08'),
(1117, 'Иванов', 'Ирина', 'Никита', NULL, 0, 4545, 102229, '2021-09-08'),
(1118, 'Наумов', 'Юрий', 'Юрий', NULL, 0, 4545, 7958, '2021-09-08'),
(1119, 'Сорока', 'Алёна', 'Влада', NULL, 0, 4545, 43037, '2021-09-08'),
(1120, 'Иванов', 'Ирина', 'Никита', NULL, 0, 4545, 90698, '2021-09-08'),
(1121, 'Наумов', 'Юрий', 'Юрий', NULL, 0, 4545, 2225, '2021-09-08'),
(1122, 'Волков', 'Евгений', 'Николай', NULL, 0, 4545, 123463, '2021-09-08'),
(1123, 'Иванов', 'Ирина', 'Никита', NULL, 0, 4545, 98318, '2021-09-08'),
(1124, 'Шкуренко', 'Влада', 'Юрий', NULL, 0, 4545, 12485, '2021-09-08'),
(1125, 'Белов', 'Анна', 'Ирина', NULL, 0, 4545, 175765, '2021-09-08'),
(1126, 'Сорока', 'Алёна', 'Влада', NULL, 0, 4545, 32011, '2021-09-08'),
(1127, 'Волков', 'Евгений', 'Николай', NULL, 0, 4545, 119236, '2021-09-08'),
(1128, 'Волков', 'Евгений', 'Николай', NULL, 0, 4545, 132908, '2021-09-08'),
(1129, 'Сорока', 'Алёна', 'Влада', NULL, 0, 4545, 37396, '2021-09-08'),
(1130, 'Белов', 'Анна', 'Ирина', NULL, 0, 4545, 186727, '2021-09-08'),
(1131, 'Токин', 'Николай', 'Алёна', NULL, 0, 4545, 72684, '2021-09-08'),
(1132, 'Токин', 'Николай', 'Никита', NULL, 0, 4545, 83992, '2021-09-08'),
(1133, 'Волков', 'Евгений', 'Николай', NULL, 0, 4545, 115853, '2021-09-08'),
(1134, 'Белов', 'Анна', 'Ирина', NULL, 0, 4545, 181673, '2021-09-08'),
(1135, 'Шкуренко', 'Влада', 'Влада', NULL, 0, 4545, 22412, '2021-09-08'),
(1136, 'Наумов', 'Юрий', 'Юрий', NULL, 0, 4545, 8712, '2021-09-08'),
(1137, 'Петренко', 'Никита', 'Алёна', NULL, 0, 4545, 59375, '2021-09-08'),
(1138, 'Власов', 'Алексей', 'Ирина', NULL, 0, 4545, 161187, '2021-09-08'),
(1139, 'Белов', 'Анна', 'Ирина', NULL, 0, 4545, 176680, '2021-09-08'),
(1140, 'Белов', 'Анна', 'Ирина', NULL, 0, 4545, 192791, '2021-09-08'),
(1141, 'Петренко', 'Никита', 'Алёна', NULL, 0, 4545, 59982, '2021-09-08'),
(1142, 'Белов', 'Анна', 'Ирина', NULL, 0, 4545, 186703, '2021-09-08'),
(1143, 'Иванов', 'Ирина', 'Никита', NULL, 0, 4545, 100511, '2021-09-08'),
(1144, 'Белов', 'Анна', 'Ирина', NULL, 0, 4545, 171749, '2021-09-08'),
(1145, 'Белов', 'Анна', 'Ирина', NULL, 0, 4545, 187665, '2021-09-08'),
(1146, 'Наумов', 'Юрий', 'Юрий', NULL, 0, 4545, 1434, '2021-09-08'),
(1147, 'Волков', 'Евгений', 'Николай', NULL, 0, 4545, 121607, '2021-09-08'),
(1148, 'Шкуренко', 'Влада', 'Юрий', NULL, 0, 4545, 18156, '2021-09-08'),
(1149, 'Власов', 'Алексей', 'Ирина', NULL, 0, 4545, 158235, '2021-09-08'),
(1150, 'Петренко', 'Никита', 'Алёна', NULL, 0, 4545, 53663, '2021-09-08'),
(1151, 'Иванов', 'Ирина', 'Никита', NULL, 0, 4545, 104438, '2021-09-08'),
(1152, 'Шкуренко', 'Влада', 'Юрий', NULL, 0, 4545, 15891, '2021-09-08'),
(1153, 'Сорока', 'Алёна', 'Влада', NULL, 0, 4545, 36195, '2021-09-08'),
(1154, 'Волков', 'Евгений', 'Николай', NULL, 0, 4545, 125848, '2021-09-08'),
(1155, 'Петренко', 'Никита', 'Алёна', NULL, 0, 4545, 45207, '2021-09-08'),
(1156, 'Иванов', 'Ирина', 'Никита', NULL, 0, 4545, 93522, '2021-09-08'),
(1157, 'Власов', 'Алексей', 'Ирина', NULL, 0, 4545, 162973, '2021-09-08'),
(1158, 'Волков', 'Евгений', 'Николай', NULL, 0, 4545, 113266, '2021-09-08'),
(1159, 'Сорока', 'Алёна', 'Влада', NULL, 0, 4545, 36712, '2021-09-08'),
(1160, 'Шкуренко', 'Влада', 'Влада', NULL, 0, 4545, 20916, '2021-09-08'),
(1161, 'Петренко', 'Никита', 'Алёна', NULL, 0, 4545, 61190, '2021-09-08'),
(1162, 'Токин', 'Николай', 'Никита', NULL, 0, 4545, 78139, '2021-09-08'),
(1163, 'Волков', 'Евгений', 'Николай', NULL, 0, 4545, 135368, '2021-09-08'),
(1164, 'Петренко', 'Никита', 'Алёна', NULL, 0, 4545, 51747, '2021-09-08'),
(1165, 'Иванов', 'Ирина', 'Никита', NULL, 0, 4545, 109188, '2021-09-08'),
(1166, 'Волков', 'Евгений', 'Николай', NULL, 0, 4545, 122388, '2021-09-08'),
(1167, 'Власов', 'Алексей', 'Николай', NULL, 0, 4545, 144319, '2021-09-08'),
(1168, 'Волков', 'Евгений', 'Николай', NULL, 0, 4545, 136205, '2021-09-08'),
(1169, 'Наумов', 'Юрий', 'Юрий', NULL, 0, 4545, 5493, '2021-09-08'),
(1170, 'Иванов', 'Ирина', 'Никита', NULL, 0, 4545, 109956, '2021-09-08'),
(1171, 'Токин', 'Николай', 'Алёна', NULL, 0, 4545, 68421, '2021-09-08'),
(1172, 'Белов', 'Анна', 'Ирина', NULL, 0, 4545, 174514, '2021-09-08'),
(1173, 'Шкуренко', 'Влада', 'Влада', NULL, 0, 4545, 23303, '2021-09-08'),
(1174, 'Белов', 'Анна', 'Ирина', NULL, 0, 4545, 199908, '2021-09-08'),
(1175, 'Токин', 'Николай', 'Алёна', NULL, 0, 4545, 64449, '2021-09-08'),
(1176, 'Сорока', 'Алёна', 'Влада', NULL, 0, 4545, 31345, '2021-09-08'),
(1177, 'Власов', 'Алексей', 'Ирина', NULL, 0, 4545, 160004, '2021-09-08'),
(1178, 'Токин', 'Николай', 'Никита', NULL, 0, 4545, 75281, '2021-09-08'),
(1179, 'Сорока', 'Алёна', 'Влада', NULL, 0, 4545, 40005, '2021-09-08'),
(1180, 'Петренко', 'Никита', 'Алёна', NULL, 0, 4545, 54825, '2021-09-08'),
(1181, 'Иванов', 'Ирина', 'Никита', NULL, 0, 4545, 86733, '2021-09-08'),
(1182, 'Иванов', 'Ирина', 'Никита', NULL, 0, 4545, 105927, '2021-09-08'),
(1183, 'Токин', 'Николай', 'Алёна', NULL, 0, 4545, 65075, '2021-09-08'),
(1184, 'Белов', 'Анна', 'Ирина', NULL, 0, 4545, 169609, '2021-09-08'),
(1185, 'Волков', 'Евгений', 'Николай', NULL, 0, 4545, 118968, '2021-09-08'),
(1186, 'Шкуренко', 'Влада', 'Юрий', NULL, 0, 4545, 16729, '2021-09-08'),
(1187, 'Иванов', 'Ирина', 'Никита', NULL, 0, 4545, 94224, '2021-09-08'),
(1188, 'Петренко', 'Никита', 'Алёна', NULL, 0, 4545, 55416, '2021-09-08'),
(1189, 'Шкуренко', 'Влада', 'Влада', NULL, 0, 4545, 21354, '2021-09-08'),
(1190, 'Петренко', 'Никита', 'Алёна', NULL, 0, 4545, 61789, '2021-09-08'),
(1191, 'Наумов', 'Юрий', 'Юрий', NULL, 0, 4545, 4305, '2021-09-08'),
(1192, 'Белов', 'Анна', 'Ирина', NULL, 0, 4545, 190518, '2021-09-08'),
(1193, 'Наумов', 'Юрий', 'Юрий', NULL, 0, 4545, 6218, '2021-09-08'),
(1194, 'Волков', 'Евгений', 'Николай', NULL, 0, 4545, 111475, '2021-09-08'),
(1195, 'Белов', 'Анна', 'Ирина', NULL, 0, 4545, 176362, '2021-09-08'),
(1196, 'Шкуренко', 'Влада', 'Влада', NULL, 0, 4545, 24215, '2021-09-08'),
(1197, 'Иванов', 'Ирина', 'Никита', NULL, 0, 4545, 106666, '2021-09-08'),
(1198, 'Токин', 'Николай', 'Алёна', NULL, 0, 4545, 65688, '2021-09-08'),
(1199, 'Наумов', 'Юрий', 'Юрий', NULL, 0, 4545, 6588, '2021-09-08'),
(1200, 'Волков', 'Евгений', 'Николай', NULL, 0, 4545, 119742, '2021-09-08'),
(1201, 'Токин', 'Николай', 'Никита', NULL, 0, 4545, 76593, '2021-09-08'),
(1202, 'Иванов', 'Ирина', 'Никита', NULL, 0, 4545, 94930, '2021-09-08'),
(1203, 'Петренко', 'Никита', 'Алёна', NULL, 0, 4545, 55995, '2021-09-08'),
(1204, 'Шкуренко', 'Влада', 'Юрий', NULL, 0, 4545, 17577, '2021-09-08'),
(1205, 'Петренко', 'Никита', 'Алёна', NULL, 0, 4545, 56590, '2021-09-08'),
(1206, 'Токин', 'Николай', 'Алёна', NULL, 0, 4545, 73102, '2021-09-08'),
(1207, 'Шкуренко', 'Влада', 'Юрий', NULL, 0, 4545, 14909, '2021-09-08'),
(1208, 'Волков', 'Евгений', 'Николай', NULL, 0, 4545, 129071, '2021-09-08'),
(1209, 'Токин', 'Николай', 'Никита', NULL, 0, 4545, 84431, '2021-09-08'),
(1210, 'Петренко', 'Никита', 'Алёна', NULL, 0, 4545, 63010, '2021-09-08'),
(1211, 'Волков', 'Евгений', 'Николай', NULL, 0, 4545, 116352, '2021-09-08'),
(1212, 'Волков', 'Евгений', 'Николай', NULL, 0, 4545, 137847, '2021-09-08'),
(1213, 'Шкуренко', 'Влада', 'Влада', NULL, 0, 4545, 27160, '2021-09-08'),
(1214, 'Наумов', 'Юрий', 'Юрий', NULL, 0, 4545, 2784, '2021-09-08'),
(1215, 'Сорока', 'Алёна', 'Влада', NULL, 0, 4545, 35505, '2021-09-08'),
(1216, 'Петренко', 'Никита', 'Алёна', NULL, 0, 4545, 44468, '2021-09-08'),
(1217, 'Власов', 'Алексей', 'Николай', NULL, 0, 4545, 138690, '2021-09-08'),
(1218, 'Иванов', 'Ирина', 'Никита', NULL, 0, 4545, 92562, '2021-09-08'),
(1219, 'Власов', 'Алексей', 'Ирина', NULL, 0, 4545, 161763, '2021-09-08'),
(1220, 'Токин', 'Николай', 'Алёна', NULL, 0, 4545, 70315, '2021-09-08'),
(1221, 'Шкуренко', 'Влада', 'Юрий', NULL, 0, 4545, 13139, '2021-09-08'),
(1222, 'Белов', 'Анна', 'Ирина', NULL, 0, 4545, 177278, '2021-09-08'),
(1223, 'Наумов', 'Юрий', 'Юрий', NULL, 0, 4545, 973, '2021-09-08'),
(1224, 'Власов', 'Алексей', 'Николай', NULL, 0, 4545, 147732, '2021-09-08'),
(1225, 'Белов', 'Анна', 'Ирина', NULL, 0, 4545, 193414, '2021-09-08'),
(1226, 'Наумов', 'Юрий', 'Юрий', NULL, 0, 4545, 6951, '2021-09-08'),
(1227, 'Власов', 'Алексей', 'Ирина', NULL, 0, 4545, 162666, '2021-09-08'),
(1228, 'Волков', 'Евгений', 'Николай', NULL, 0, 4545, 134250, '2021-09-08'),
(1229, 'Иванов', 'Ирина', 'Никита', NULL, 0, 4545, 108166, '2021-09-08'),
(1230, 'Наумов', 'Юрий', 'Юрий', NULL, 0, 4545, 7325, '2021-09-08'),
(1231, 'Волков', 'Евгений', 'Николай', NULL, 0, 4545, 121317, '2021-09-08'),
(1232, 'Власов', 'Алексей', 'Николай', NULL, 0, 4545, 143170, '2021-09-08'),
(1233, 'Иванов', 'Ирина', 'Никита', NULL, 0, 4545, 96363, '2021-09-08'),
(1234, 'Петренко', 'Никита', 'Алёна', NULL, 0, 4545, 57174, '2021-09-08'),
(1235, 'Власов', 'Алексей', 'Ирина', NULL, 0, 4545, 157910, '2021-09-08'),
(1236, 'Иванов', 'Ирина', 'Никита', NULL, 0, 4545, 108929, '2021-09-08'),
(1237, 'Волков', 'Евгений', 'Николай', NULL, 0, 4545, 129872, '2021-09-08'),
(1238, 'Токин', 'Николай', 'Никита', NULL, 0, 4545, 85107, '2021-09-08'),
(1239, 'Шкуренко', 'Влада', 'Влада', NULL, 0, 4545, 22691, '2021-09-08'),
(1240, 'Власов', 'Алексей', 'Николай', NULL, 0, 4545, 144029, '2021-09-08'),
(1241, 'Иванов', 'Ирина', 'Никита', NULL, 0, 4545, 97091, '2021-09-08'),
(1242, 'Наумов', 'Юрий', 'Юрий', NULL, 0, 4545, 5370, '2021-09-08'),
(1243, 'Власов', 'Алексей', 'Ирина', NULL, 0, 4545, 158804, '2021-09-08'),
(1244, 'Шкуренко', 'Влада', 'Юрий', NULL, 0, 4545, 15738, '2021-09-08'),
(1245, 'Волков', 'Евгений', 'Николай', NULL, 0, 4545, 130694, '2021-09-08'),
(1246, 'Петренко', 'Никита', 'Алёна', NULL, 0, 4545, 54037, '2021-09-08'),
(1247, 'Шкуренко', 'Влада', 'Влада', NULL, 0, 4545, 23148, '2021-09-08'),
(1248, 'Сорока', 'Алёна', 'Влада', NULL, 0, 4545, 36007, '2021-09-08'),
(1249, 'Токин', 'Николай', 'Алёна', NULL, 0, 4545, 64238, '2021-09-08'),
(1250, 'Токин', 'Николай', 'Никита', NULL, 0, 4545, 81471, '2021-09-08'),
(1251, 'Власов', 'Алексей', 'Николай', NULL, 0, 4545, 139515, '2021-09-08'),
(1252, 'Наумов', 'Юрий', 'Юрий', NULL, 0, 4545, 3475, '2021-09-08'),
(1253, 'Сорока', 'Алёна', 'Влада', NULL, 0, 4545, 36524, '2021-09-08'),
(1254, 'Белов', 'Анна', 'Ирина', NULL, 0, 4545, 194367, '2021-09-08'),
(1255, 'Наумов', 'Юрий', 'Юрий', NULL, 0, 4545, 7317, '2021-09-08'),
(1256, 'Власов', 'Алексей', 'Ирина', NULL, 0, 4545, 163550, '2021-09-08'),
(1257, 'Сорока', 'Алёна', 'Влада', NULL, 0, 4545, 42113, '2021-09-08'),
(1258, 'Шкуренко', 'Влада', 'Юрий', NULL, 0, 4545, 13950, '2021-09-08'),
(1259, 'Белов', 'Анна', 'Ирина', NULL, 0, 4545, 179139, '2021-09-08'),
(1260, 'Наумов', 'Юрий', 'Юрий', NULL, 0, 4545, 1642, '2021-09-08'),
(1261, 'Токин', 'Николай', 'Алёна', NULL, 0, 4545, 67553, '2021-09-08'),
(1262, 'Сорока', 'Алёна', 'Влада', NULL, 0, 4545, 33814, '2021-09-08'),
(1263, 'Шкуренко', 'Влада', 'Юрий', NULL, 0, 4545, 18422, '2021-09-08'),
(1264, 'Сорока', 'Алёна', 'Влада', NULL, 0, 4545, 42655, '2021-09-08'),
(1265, 'Петренко', 'Никита', 'Алёна', NULL, 0, 4545, 57759, '2021-09-08'),
(1266, 'Шкуренко', 'Влада', 'Влада', NULL, 0, 4545, 26063, '2021-09-08'),
(1267, 'Власов', 'Алексей', 'Ирина', NULL, 0, 4545, 158782, '2021-09-08'),
(1268, 'Иванов', 'Ирина', 'Никита', NULL, 0, 4545, 109677, '2021-09-08'),
(1269, 'Сорока', 'Алёна', 'Влада', NULL, 0, 4545, 34321, '2021-09-08'),
(1270, 'Шкуренко', 'Влада', 'Юрий', NULL, 0, 4545, 18858, '2021-09-08'),
(1271, 'Петренко', 'Никита', 'Алёна', NULL, 0, 4545, 58360, '2021-09-08'),
(1272, 'Токин', 'Николай', 'Никита', NULL, 0, 4545, 75042, '2021-09-08'),
(1273, 'Наумов', 'Юрий', 'Юрий', NULL, 0, 4545, 12202, '2021-09-08'),
(1274, 'Белов', 'Анна', 'Ирина', NULL, 0, 4545, 175110, '2021-09-08'),
(1275, 'Власов', 'Алексей', 'Николай', NULL, 0, 4545, 145729, '2021-09-08'),
(1276, 'Иванов', 'Ирина', 'Никита', NULL, 0, 4545, 98538, '2021-09-08'),
(1277, 'Волков', 'Евгений', 'Николай', NULL, 0, 4545, 118680, '2021-09-08'),
(1278, 'Белов', 'Анна', 'Ирина', NULL, 0, 4545, 185094, '2021-09-08'),
(1279, 'Волков', 'Евгений', 'Николай', NULL, 0, 4545, 132328, '2021-09-08'),
(1280, 'Шкуренко', 'Влада', 'Влада', NULL, 0, 4545, 24058, '2021-09-08'),
(1281, 'Сорока', 'Алёна', 'Влада', NULL, 0, 4545, 37030, '2021-09-08'),
(1282, 'Белов', 'Анна', 'Ирина', NULL, 0, 4545, 170198, '2021-09-08'),
(1283, 'Петренко', 'Никита', 'Алёна', NULL, 0, 4545, 46103, '2021-09-08'),
(1284, 'Петренко', 'Никита', 'Алёна', NULL, 0, 4545, 61566, '2021-09-08'),
(1285, 'Сорока', 'Алёна', 'Влада', NULL, 0, 4545, 29062, '2021-09-08'),
(1286, 'Власов', 'Алексей', 'Ирина', NULL, 0, 4545, 155847, '2021-09-08'),
(1287, 'Волков', 'Евгений', 'Николай', NULL, 0, 4545, 127976, '2021-09-08'),
(1288, 'Белов', 'Анна', 'Ирина', NULL, 0, 4545, 196303, '2021-09-08'),
(1289, 'Наумов', 'Юрий', 'Юрий', NULL, 0, 4545, 8063, '2021-09-08'),
(1290, 'Сорока', 'Алёна', 'Влада', NULL, 0, 4545, 43187, '2021-09-08'),
(1291, 'Токин', 'Николай', 'Алёна', NULL, 0, 4545, 72880, '2021-09-08'),
(1292, 'Шкуренко', 'Влада', 'Влада', NULL, 0, 4545, 26524, '2021-09-08'),
(1293, 'Наумов', 'Юрий', 'Юрий', NULL, 0, 4545, 2320, '2021-09-08'),
(1294, 'Иванов', 'Ирина', 'Никита', NULL, 0, 4545, 103180, '2021-09-08'),
(1295, 'Белов', 'Анна', 'Ирина', NULL, 0, 4545, 175088, '2021-09-08'),
(1296, 'Шкуренко', 'Влада', 'Юрий', NULL, 0, 4545, 19286, '2021-09-08'),
(1297, 'Иванов', 'Ирина', 'Никита', NULL, 0, 4545, 91605, '2021-09-08'),
(1298, 'Власов', 'Алексей', 'Ирина', NULL, 0, 4545, 160557, '2021-09-08'),
(1299, 'Шкуренко', 'Влада', 'Юрий', NULL, 0, 4545, 12595, '2021-09-08'),
(1300, 'Сорока', 'Алёна', 'Влада', NULL, 0, 4545, 35331, '2021-09-08'),
(1301, 'Шкуренко', 'Влада', 'Юрий', NULL, 0, 4545, 17421, '2021-09-08'),
(1302, 'Белов', 'Анна', 'Ирина', NULL, 0, 4545, 172024, '2021-09-08'),
(1303, 'Петренко', 'Никита', 'Алёна', NULL, 0, 4545, 47207, '2021-09-08'),
(1304, 'Шкуренко', 'Влада', 'Юрий', NULL, 0, 4545, 15176, '2021-09-08'),
(1305, 'Власов', 'Алексей', 'Ирина', NULL, 0, 4545, 167151, '2021-09-08'),
(1306, 'Шкуренко', 'Влада', 'Юрий', NULL, 0, 4545, 15595, '2021-09-08'),
(1307, 'Петренко', 'Никита', 'Алёна', NULL, 0, 4545, 53838, '2021-09-08'),
(1308, 'Токин', 'Николай', 'Алёна', NULL, 0, 4545, 70081, '2021-09-08'),
(1309, 'Сорока', 'Алёна', 'Влада', NULL, 0, 4545, 35832, '2021-09-08'),
(1310, 'Петренко', 'Никита', 'Алёна', NULL, 0, 4545, 50193, '2021-09-08'),
(1311, 'Сорока', 'Алёна', 'Влада', NULL, 0, 4545, 27944, '2021-09-08'),
(1312, 'Сорока', 'Алёна', 'Влада', NULL, 0, 4545, 41391, '2021-09-08'),
(1313, 'Шкуренко', 'Влада', 'Юрий', NULL, 0, 4545, 13400, '2021-09-08'),
(1314, 'Иванов', 'Ирина', 'Никита', NULL, 0, 4545, 88548, '2021-09-08'),
(1315, 'Петренко', 'Никита', 'Алёна', NULL, 0, 4545, 50767, '2021-09-08'),
(1316, 'Токин', 'Николай', 'Алёна', NULL, 0, 4545, 66705, '2021-09-08'),
(1317, 'Сорока', 'Алёна', 'Влада', NULL, 0, 4545, 33138, '2021-09-08'),
(1318, 'Власов', 'Алексей', 'Ирина', NULL, 0, 4545, 163242, '2021-09-08'),
(1319, 'Токин', 'Николай', 'Никита', NULL, 0, 4545, 77670, '2021-09-08'),
(1320, 'Сорока', 'Алёна', 'Влада', NULL, 0, 4545, 41930, '2021-09-08'),
(1321, 'Петренко', 'Никита', 'Алёна', NULL, 0, 4545, 56957, '2021-09-08'),
(1322, 'Иванов', 'Ирина', 'Никита', NULL, 0, 4545, 89253, '2021-09-08'),
(1323, 'Белов', 'Анна', 'Ирина', NULL, 0, 4545, 172932, '2021-09-08'),
(1324, 'Петренко', 'Никита', 'Алёна', NULL, 0, 4545, 47756, '2021-09-08'),
(1325, 'Петренко', 'Никита', 'Алёна', NULL, 0, 4545, 57555, '2021-09-08'),
(1326, 'Шкуренко', 'Влада', 'Влада', NULL, 0, 4545, 25903, '2021-09-08'),
(1327, 'Иванов', 'Ирина', 'Никита', NULL, 0, 4545, 109418, '2021-09-08'),
(1328, 'Белов', 'Анна', 'Ирина', NULL, 0, 4545, 182862, '2021-09-08'),
(1329, 'Волков', 'Евгений', 'Николай', NULL, 0, 4545, 130395, '2021-09-08'),
(1330, 'Шкуренко', 'Влада', 'Влада', NULL, 0, 4545, 22982, '2021-09-08'),
(1331, 'Белов', 'Анна', 'Ирина', NULL, 0, 4545, 199213, '2021-09-08'),
(1332, 'Власов', 'Алексей', 'Николай', NULL, 0, 4545, 144576, '2021-09-08'),
(1333, 'Белов', 'Анна', 'Ирина', NULL, 0, 4545, 168046, '2021-09-08'),
(1334, 'Наумов', 'Юрий', 'Юрий', NULL, 0, 4545, 5603, '2021-09-08'),
(1335, 'Петренко', 'Никита', 'Алёна', NULL, 0, 4545, 44807, '2021-09-08'),
(1336, 'Белов', 'Анна', 'Ирина', NULL, 0, 4545, 183815, '2021-09-08'),
(1337, 'Иванов', 'Ирина', 'Никита', NULL, 0, 4545, 93000, '2021-09-08'),
(1338, 'Власов', 'Алексей', 'Ирина', NULL, 0, 4545, 153777, '2021-09-08'),
(1339, 'Иванов', 'Ирина', 'Никита', NULL, 0, 4545, 105397, '2021-09-08'),
(1340, 'Волков', 'Евгений', 'Николай', NULL, 0, 4545, 126070, '2021-09-08'),
(1341, 'Белов', 'Анна', 'Ирина', NULL, 0, 4545, 168965, '2021-09-08'),
(1342, 'Петренко', 'Никита', 'Алёна', NULL, 0, 4545, 45359, '2021-09-08'),
(1343, 'Сорока', 'Алёна', 'Влада', NULL, 0, 4545, 28414, '2021-09-08'),
(1344, 'Наумов', 'Юрий', 'Юрий', NULL, 0, 4545, 9969, '2021-09-08'),
(1345, 'Петренко', 'Никита', 'Алёна', NULL, 0, 4545, 51328, '2021-09-08'),
(1346, 'Белов', 'Анна', 'Ирина', NULL, 0, 4545, 194990, '2021-09-08'),
(1347, 'Петренко', 'Никита', 'Алёна', NULL, 0, 4545, 61359, '2021-09-08'),
(1348, 'Токин', 'Николай', 'Никита', NULL, 0, 4545, 78324, '2021-09-08'),
(1349, 'Сорока', 'Алёна', 'Влада', NULL, 0, 4545, 42459, '2021-09-08'),
(1350, 'Белов', 'Анна', 'Ирина', NULL, 0, 4545, 179740, '2021-09-08'),
(1351, 'Шкуренко', 'Влада', 'Влада', NULL, 0, 4545, 25891, '2021-09-08'),
(1352, 'Власов', 'Алексей', 'Николай', NULL, 0, 4545, 150008, '2021-09-08'),
(1353, 'Иванов', 'Ирина', 'Никита', NULL, 0, 4545, 102181, '2021-09-08'),
(1354, 'Наумов', 'Юрий', 'Юрий', NULL, 0, 4545, 7934, '2021-09-08'),
(1355, 'Шкуренко', 'Влада', 'Юрий', NULL, 0, 4545, 18700, '2021-09-08'),
(1356, 'Волков', 'Евгений', 'Николай', NULL, 0, 4545, 136436, '2021-09-08'),
(1357, 'Иванов', 'Ирина', 'Никита', NULL, 0, 4545, 90652, '2021-09-08'),
(1358, 'Иванов', 'Ирина', 'Никита', NULL, 0, 4545, 110165, '2021-09-08'),
(1359, 'Волков', 'Евгений', 'Николай', NULL, 0, 4545, 123412, '2021-09-08'),
(1360, 'Иванов', 'Ирина', 'Никита', NULL, 0, 4545, 98272, '2021-09-08'),
(1361, 'Токин', 'Николай', 'Никита', NULL, 0, 4545, 75463, '2021-09-08'),
(1362, 'Шкуренко', 'Влада', 'Влада', NULL, 0, 4545, 23890, '2021-09-08'),
(1363, 'Наумов', 'Юрий', 'Юрий', NULL, 0, 4545, 412, '2021-09-08'),
(1364, 'Наумов', 'Юрий', 'Юрий', NULL, 0, 4545, 9960, '2021-09-08'),
(1365, 'Белов', 'Анна', 'Ирина', NULL, 0, 4545, 169863, '2021-09-08'),
(1366, 'Шкуренко', 'Влада', 'Юрий', NULL, 0, 4545, 16847, '2021-09-08'),
(1367, 'Белов', 'Анна', 'Ирина', NULL, 0, 4545, 185704, '2021-09-08'),
(1368, 'Шкуренко', 'Влада', 'Влада', NULL, 0, 4545, 24352, '2021-09-08'),
(1369, 'Токин', 'Николай', 'Алёна', NULL, 0, 4545, 71992, '2021-09-08'),
(1370, 'Власов', 'Алексей', 'Николай', NULL, 0, 4545, 141737, '2021-09-08'),
(1371, 'Иванов', 'Ирина', 'Никита', NULL, 0, 4545, 95145, '2021-09-08'),
(1372, 'Власов', 'Алексей', 'Ирина', NULL, 0, 4545, 165016, '2021-09-08'),
(1373, 'Волков', 'Евгений', 'Николай', NULL, 0, 4545, 115021, '2021-09-08'),
(1374, 'Токин', 'Николай', 'Алёна', NULL, 0, 4545, 72643, '2021-09-08'),
(1375, 'Сорока', 'Алёна', 'Влада', NULL, 0, 4545, 37885, '2021-09-08'),
(1376, 'Наумов', 'Юрий', 'Юрий', NULL, 0, 4545, 8304, '2021-09-08'),
(1377, 'Власов', 'Алексей', 'Ирина', NULL, 0, 4545, 165927, '2021-09-08'),
(1378, 'Белов', 'Анна', 'Ирина', NULL, 0, 4545, 181612, '2021-09-08'),
(1379, 'Шкуренко', 'Влада', 'Влада', NULL, 0, 4545, 26826, '2021-09-08'),
(1380, 'Власов', 'Алексей', 'Николай', NULL, 0, 4545, 151739, '2021-09-08'),
(1381, 'Иванов', 'Алёна', 'Влада', NULL, 0, 4545, 35145, '2021-09-08'),
(1382, 'Петренко', 'Никита', 'Алёна', NULL, 0, 4545, 49429, '2021-09-08'),
(1383, 'Шкуренко', 'Влада', 'Влада', NULL, 0, 4545, 19566, '2021-09-08'),
(1384, 'Волков', 'Евгений', 'Николай', NULL, 0, 4545, 138099, '2021-09-08'),
(1385, 'Власов', 'Алексей', 'Ирина', NULL, 0, 4545, 161130, '2021-09-08'),
(1386, 'Сорока', 'Алёна', 'Влада', NULL, 0, 4545, 40673, '2021-09-08'),
(1387, 'Белов', 'Анна', 'Ирина', NULL, 0, 4545, 176621, '2021-09-08'),
(1388, 'Волков', 'Евгений', 'Николай', NULL, 0, 4545, 125005, '2021-09-08'),
(1389, 'Власов', 'Алексей', 'Николай', NULL, 0, 4545, 147125, '2021-09-08'),
(1390, 'Иванов', 'Ирина', 'Никита', NULL, 0, 4545, 99724, '2021-09-08'),
(1391, 'Петренко', 'Никита', 'Алёна', NULL, 0, 4545, 59943, '2021-09-08'),
(1392, 'Токин', 'Николай', 'Никита', NULL, 0, 4545, 76776, '2021-09-08'),
(1393, 'Шкуренко', 'Влада', 'Влада', NULL, 0, 4545, 24807, '2021-09-08'),
(1394, 'Наумов', 'Юрий', 'Юрий', NULL, 0, 4545, 1073, '2021-09-08'),
(1395, 'Токин', 'Николай', 'Алёна', NULL, 0, 4545, 66490, '2021-09-08'),
(1396, 'Сорока', 'Алёна', 'Влада', NULL, 0, 4545, 32968, '2021-09-08'),
(1397, 'Петренко', 'Никита', 'Алёна', NULL, 0, 4545, 47004, '2021-09-08'),
(1398, 'Шкуренко', 'Влада', 'Юрий', NULL, 0, 4545, 17695, '2021-09-08'),
(1399, 'Сорока', 'Алёна', 'Влада', NULL, 0, 4545, 29848, '2021-09-08'),
(1400, 'Наумов', 'Юрий', 'Юрий', NULL, 0, 4545, 4755, '2021-09-08'),
(1401, 'Токин', 'Николай', 'Алёна', NULL, 0, 4545, 73282, '2021-09-08'),
(1402, 'Сорока', 'Алёна', 'Влада', NULL, 0, 4545, 38397, '2021-09-08'),
(1403, 'Наумов', 'Юрий', 'Юрий', NULL, 0, 4545, 11131, '2021-09-08'),
(1404, 'Шкуренко', 'Влада', 'Влада', NULL, 0, 4545, 22372, '2021-09-08'),
(1405, 'Белов', 'Анна', 'Ирина', NULL, 0, 4545, 197891, '2021-09-08'),
(1406, 'Власов', 'Алексей', 'Николай', NULL, 0, 4545, 143427, '2021-09-08'),
(1407, 'Сорока', 'Алёна', 'Влада', NULL, 0, 4545, 30338, '2021-09-08'),
(1408, 'Сорока', 'Алёна', 'Влада', NULL, 0, 4545, 44070, '2021-09-08'),
(1409, 'Сорока', 'Алёна', 'Влада', NULL, 0, 4545, 38923, '2021-09-08'),
(1410, 'Петренко', 'Никита', 'Алёна', NULL, 0, 4545, 53626, '2021-09-08'),
(1411, 'Иванов', 'Ирина', 'Никита', NULL, 0, 4545, 104390, '2021-09-08'),
(1412, 'Петренко', 'Никита', 'Алёна', NULL, 0, 4545, 44620, '2021-09-08'),
(1413, 'Наумов', 'Юрий', 'Юрий', NULL, 0, 4545, 3229, '2021-09-08'),
(1414, 'Власов', 'Алексей', 'Ирина', NULL, 0, 4545, 153477, '2021-09-08'),
(1415, 'Белов', 'Анна', 'Ирина', NULL, 0, 4545, 177536, '2021-09-08'),
(1416, 'Шкуренко', 'Влада', 'Влада', NULL, 0, 4545, 20442, '2021-09-08'),
(1417, 'Белов', 'Анна', 'Ирина', NULL, 0, 4545, 193680, '2021-09-08'),
(1418, 'Власов', 'Алексей', 'Николай', NULL, 0, 4545, 139769, '2021-09-08'),
(1419, 'Власов', 'Алексей', 'Ирина', NULL, 0, 4545, 162915, '2021-09-08'),
(1420, 'Волков', 'Евгений', 'Николай', NULL, 0, 4545, 113217, '2021-09-08'),
(1421, 'Белов', 'Анна', 'Ирина', NULL, 0, 4545, 178477, '2021-09-08'),
(1422, 'Шкуренко', 'Влада', 'Влада', NULL, 0, 4545, 25263, '2021-09-08'),
(1423, 'Власов', 'Алексей', 'Николай', NULL, 0, 4545, 148840, '2021-09-08'),
(1424, 'Сорока', 'Алёна', 'Влада', NULL, 0, 4545, 33459, '2021-09-08'),
(1425, 'Власов', 'Алексей', 'Ирина', NULL, 0, 4545, 163821, '2021-09-08'),
(1426, 'Белов', 'Анна', 'Ирина', NULL, 0, 4545, 188544, '2021-09-08'),
(1427, 'Шкуренко', 'Влада', 'Влада', NULL, 0, 4545, 25732, '2021-09-08');
INSERT INTO `client` (`id`, `last_name`, `name`, `patronymic`, `organization`, `type`, `phone_number`, `number`, `date_open`) VALUES
(1428, 'Сорока', 'Алёна', 'Влада', NULL, 0, 4545, 38912, '2021-09-08'),
(1429, 'Белов', 'Анна', 'Ирина', NULL, 0, 4545, 198856, '2021-09-08'),
(1430, 'Власов', 'Алексей', 'Николай', NULL, 0, 4545, 144264, '2021-09-08'),
(1431, 'Токин', 'Николай', 'Алёна', NULL, 0, 4545, 74579, '2021-09-08'),
(1432, 'Сорока', 'Алёна', 'Влада', NULL, 0, 4545, 39440, '2021-09-08'),
(1433, 'Токин', 'Николай', 'Никита', NULL, 0, 4545, 85992, '2021-09-08'),
(1434, 'Петренко', 'Никита', 'Алёна', NULL, 0, 4545, 48680, '2021-09-08'),
(1435, 'Иванов', 'Ирина', 'Никита', NULL, 0, 4545, 105124, '2021-09-08'),
(1436, 'Токин', 'Николай', 'Алёна', NULL, 0, 4545, 64409, '2021-09-08'),
(1437, 'Сорока', 'Алёна', 'Влада', NULL, 0, 4545, 31314, '2021-09-08'),
(1438, 'Петренко', 'Никита', 'Алёна', NULL, 0, 4545, 45158, '2021-09-08'),
(1439, 'Шкуренко', 'Влада', 'Юрий', NULL, 0, 4545, 16277, '2021-09-08'),
(1440, 'Иванов', 'Ирина', 'Никита', NULL, 0, 4545, 93459, '2021-09-08'),
(1441, 'Шкуренко', 'Влада', 'Влада', NULL, 0, 4545, 23733, '2021-09-08'),
(1442, 'Токин', 'Николай', 'Алёна', NULL, 0, 4545, 71123, '2021-09-08'),
(1443, 'Сорока', 'Алёна', 'Влада', NULL, 0, 4545, 36667, '2021-09-08'),
(1444, 'Наумов', 'Юрий', 'Юрий', NULL, 0, 4545, 9827, '2021-09-08'),
(1445, 'Белов', 'Анна', 'Ирина', NULL, 0, 4545, 169550, '2021-09-08'),
(1446, 'Шкуренко', 'Влада', 'Юрий', NULL, 0, 4545, 16702, '2021-09-08'),
(1447, 'Петренко', 'Никита', 'Алёна', NULL, 0, 4545, 61136, '2021-09-08'),
(1448, 'Сорока', 'Алёна', 'Влада', NULL, 0, 4545, 28721, '2021-09-08'),
(1449, 'Иванов', 'Ирина', 'Никита', NULL, 0, 4545, 89687, '2021-09-08'),
(1450, 'Шкуренко', 'Влада', 'Влада', NULL, 0, 4545, 21325, '2021-09-08'),
(1451, 'Белов', 'Анна', 'Ирина', NULL, 0, 4545, 195615, '2021-09-08'),
(1452, 'Сорока', 'Алёна', 'Влада', NULL, 0, 4545, 29207, '2021-09-08'),
(1453, 'Сорока', 'Алёна', 'Влада', NULL, 0, 4545, 42805, '2021-09-08'),
(1454, 'Шкуренко', 'Влада', 'Юрий', NULL, 0, 4545, 14477, '2021-09-08'),
(1455, 'Белов', 'Анна', 'Ирина', NULL, 0, 4545, 180344, '2021-09-08'),
(1456, 'Наумов', 'Юрий', 'Юрий', NULL, 0, 4545, 2078, '2021-09-08'),
(1457, 'Сорока', 'Алёна', 'Влада', NULL, 0, 4545, 34461, '2021-09-08'),
(1458, 'Токин', 'Николай', 'Никита', NULL, 0, 4545, 79426, '2021-09-08'),
(1459, 'Иванов', 'Ирина', 'Никита', NULL, 0, 4545, 98005, '2021-09-08'),
(1460, 'Наумов', 'Юрий', 'Юрий', NULL, 0, 4545, 5827, '2021-09-08'),
(1461, 'Сорока', 'Алёна', 'Влада', NULL, 0, 4545, 39959, '2021-09-08'),
(1462, 'Белов', 'Анна', 'Ирина', NULL, 0, 4545, 175365, '2021-09-08'),
(1463, 'Шкуренко', 'Влада', 'Юрий', NULL, 0, 4545, 19417, '2021-09-08'),
(1464, 'Шкуренко', 'Влада', 'Юрий', NULL, 0, 4545, 12717, '2021-09-08'),
(1465, 'Шкуренко', 'Влада', 'Влада', NULL, 0, 4545, 24185, '2021-09-08'),
(1466, 'Власов', 'Алексей', 'Николай', NULL, 0, 4545, 146831, '2021-09-08'),
(1467, 'Наумов', 'Юрий', 'Юрий', NULL, 0, 4545, 10209, '2021-09-08'),
(1468, 'Волков', 'Евгений', 'Николай', NULL, 0, 4545, 119691, '2021-09-08'),
(1469, 'Шкуренко', 'Влада', 'Юрий', NULL, 0, 4545, 17119, '2021-09-08'),
(1470, 'Сорока', 'Алёна', 'Влада', NULL, 0, 4545, 29196, '2021-09-08'),
(1471, 'Наумов', 'Юрий', 'Юрий', NULL, 0, 4545, 4274, '2021-09-08'),
(1472, 'Иванов', 'Ирина', 'Никита', NULL, 0, 4545, 107376, '2021-09-08'),
(1473, 'Белов', 'Анна', 'Ирина', NULL, 0, 4545, 180321, '2021-09-08'),
(1474, 'Шкуренко', 'Влада', 'Влада', NULL, 0, 4545, 21766, '2021-09-08'),
(1475, 'Власов', 'Алексей', 'Николай', NULL, 0, 4545, 142281, '2021-09-08'),
(1476, 'Иванов', 'Ирина', 'Никита', NULL, 0, 4545, 95608, '2021-09-08'),
(1477, 'Шкуренко', 'Влада', 'Юрий', NULL, 0, 4545, 14883, '2021-09-08'),
(1478, 'Наумов', 'Юрий', 'Юрий', NULL, 0, 4545, 2414, '2021-09-08'),
(1479, 'Токин', 'Николай', 'Никита', NULL, 0, 4545, 80085, '2021-09-08'),
(1480, 'Волков', 'Евгений', 'Николай', NULL, 0, 4545, 137793, '2021-09-08'),
(1481, 'Власов', 'Алексей', 'Николай', NULL, 0, 4545, 152298, '2021-09-08'),
(1482, 'Волков', 'Евгений', 'Николай', NULL, 0, 4545, 124713, '2021-09-08'),
(1483, 'Белов', 'Анна', 'Ирина', NULL, 0, 4545, 192375, '2021-09-08'),
(1484, 'Власов', 'Алексей', 'Ирина', NULL, 0, 4545, 161705, '2021-09-08'),
(1485, 'Шкуренко', 'Влада', 'Юрий', NULL, 0, 4545, 13113, '2021-09-08'),
(1486, 'Белов', 'Анна', 'Ирина', NULL, 0, 4545, 177218, '2021-09-08'),
(1487, 'Шкуренко', 'Влада', 'Влада', NULL, 0, 4545, 24638, '2021-09-08'),
(1488, 'Власов', 'Алексей', 'Николай', NULL, 0, 4545, 147676, '2021-09-08'),
(1489, 'Белов', 'Анна', 'Ирина', NULL, 0, 4545, 171354, '2021-09-08'),
(1490, 'Власов', 'Алексей', 'Ирина', NULL, 0, 4545, 162608, '2021-09-08'),
(1491, 'Шкуренко', 'Влада', 'Юрий', NULL, 0, 4545, 17539, '2021-09-08'),
(1492, 'Власов', 'Алексей', 'Ирина', NULL, 0, 4545, 156960, '2021-09-08'),
(1493, 'Белов', 'Анна', 'Ирина', NULL, 0, 4545, 172280, '2021-09-08'),
(1494, 'Волков', 'Евгений', 'Николай', NULL, 0, 4545, 121266, '2021-09-08'),
(1495, 'Шкуренко', 'Влада', 'Юрий', NULL, 0, 4545, 17971, '2021-09-08'),
(1496, 'Петренко', 'Никита', 'Алёна', NULL, 0, 4545, 57136, '2021-09-08'),
(1497, 'Иванов', 'Ирина', 'Никита', NULL, 0, 4545, 108880, '2021-09-08'),
(1498, 'Токин', 'Николай', 'Никита', NULL, 0, 4545, 85063, '2021-09-08'),
(1499, 'Петренко', 'Никита', 'Алёна', NULL, 0, 4545, 47924, '2021-09-08'),
(1500, 'Сорока', 'Алёна', 'Влада', NULL, 0, 4545, 30651, '2021-09-08'),
(1501, 'Сорока', 'Алёна', 'Влада', NULL, 0, 4545, 44420, '2021-09-08'),
(1502, 'Шкуренко', 'Влада', 'Юрий', NULL, 0, 4545, 15711, '2021-09-08'),
(1503, 'Волков', 'Евгений', 'Николай', NULL, 0, 4545, 130642, '2021-09-08'),
(1504, 'Наумов', 'Юрий', 'Юрий', NULL, 0, 4545, 3102, '2021-09-08'),
(1505, 'Сорока', 'Алёна', 'Влада', NULL, 0, 4545, 35974, '2021-09-08'),
(1506, 'Наумов', 'Юрий', 'Юрий', NULL, 0, 4545, 9308, '2021-09-08'),
(1507, 'Власов', 'Алексей', 'Николай', NULL, 0, 4545, 139461, '2021-09-08'),
(1508, 'Власов', 'Алексей', 'Ирина', NULL, 0, 4545, 154041, '2021-09-08'),
(1509, 'Иванов', 'Ирина', 'Никита', NULL, 0, 4545, 88742, '2021-09-08'),
(1510, 'Шкуренко', 'Влада', 'Влада', NULL, 0, 4545, 20726, '2021-09-08'),
(1511, 'Иванов', 'Ирина', 'Никита', NULL, 0, 4545, 100917, '2021-09-08'),
(1512, 'Власов', 'Алексей', 'Ирина', NULL, 0, 4545, 163492, '2021-09-08'),
(1513, 'Белов', 'Анна', 'Ирина', NULL, 0, 4545, 188196, '2021-09-08'),
(1514, 'Белов', 'Анна', 'Ирина', NULL, 0, 4545, 179077, '2021-09-08'),
(1515, 'Власов', 'Алексей', 'Николай', NULL, 0, 4545, 149396, '2021-09-08'),
(1516, 'Петренко', 'Никита', 'Алёна', NULL, 0, 4545, 47910, '2021-09-08'),
(1517, 'Иванов', 'Ирина', 'Никита', NULL, 0, 4545, 97027, '2021-09-08'),
(1518, 'Наумов', 'Юрий', 'Юрий', NULL, 0, 4545, 5338, '2021-09-08'),
(1519, 'Власов', 'Алексей', 'Ирина', NULL, 0, 4545, 158725, '2021-09-08'),
(1520, 'Иванов', 'Ирина', 'Никита', NULL, 0, 4545, 109628, '2021-09-08'),
(1521, 'Волков', 'Евгений', 'Николай', NULL, 0, 4545, 122847, '2021-09-08'),
(1522, 'Сорока', 'Алёна', 'Влада', NULL, 0, 4545, 31134, '2021-09-08'),
(1523, 'Токин', 'Николай', 'Алёна', NULL, 0, 4545, 75000, '2021-09-08'),
(1524, 'Наумов', 'Юрий', 'Юрий', NULL, 0, 4545, 12176, '2021-09-08'),
(1525, 'Петренко', 'Никита', 'Алёна', NULL, 0, 4545, 54573, '2021-09-08'),
(1526, 'Шкуренко', 'Влада', 'Влада', NULL, 0, 4545, 23566, '2021-09-08'),
(1527, 'Власов', 'Алексей', 'Николай', NULL, 0, 4545, 145674, '2021-09-08'),
(1528, 'Сорока', 'Алёна', 'Влада', NULL, 0, 4545, 31629, '2021-09-08'),
(1529, 'Токин', 'Николай', 'Никита', NULL, 0, 4545, 75661, '2021-09-08'),
(1530, 'Иванов', 'Ирина', 'Никита', NULL, 0, 4545, 93917, '2021-09-08'),
(1531, 'Петренко', 'Никита', 'Алёна', NULL, 0, 4545, 55163, '2021-09-08'),
(1532, 'Токин', 'Николай', 'Алёна', NULL, 0, 4545, 71537, '2021-09-08'),
(1533, 'Сорока', 'Алёна', 'Влада', NULL, 0, 4545, 36997, '2021-09-08'),
(1534, 'Токин', 'Николай', 'Никита', NULL, 0, 4545, 82778, '2021-09-08'),
(1535, 'Петренко', 'Никита', 'Алёна', NULL, 0, 4545, 46067, '2021-09-08'),
(1536, 'Петренко', 'Никита', 'Алёна', NULL, 0, 4545, 61527, '2021-09-08'),
(1537, 'Наумов', 'Юрий', 'Юрий', NULL, 0, 4545, 4154, '2021-09-08'),
(1538, 'Белов', 'Анна', 'Ирина', NULL, 0, 4545, 180000, '2021-09-08'),
(1539, 'Белов', 'Анна', 'Ирина', NULL, 0, 4545, 196240, '2021-09-08'),
(1540, 'Токин', 'Николай', 'Никита', NULL, 0, 4545, 79181, '2021-09-08'),
(1541, 'Волков', 'Евгений', 'Николай', NULL, 0, 4545, 136667, '2021-09-08'),
(1542, 'Петренко', 'Никита', 'Алёна', NULL, 0, 4545, 52646, '2021-09-08'),
(1543, 'Власов', 'Алексей', 'Николай', NULL, 0, 4545, 151123, '2021-09-08'),
(1544, 'Белов', 'Анна', 'Ирина', NULL, 0, 4545, 175028, '2021-09-08'),
(1545, 'Шкуренко', 'Влада', 'Юрий', NULL, 0, 4545, 19258, '2021-09-08'),
(1546, 'Белов', 'Анна', 'Ирина', NULL, 0, 4545, 191074, '2021-09-08'),
(1547, 'Наумов', 'Юрий', 'Юрий', NULL, 0, 4545, 6061, '2021-09-08'),
(1548, 'Власов', 'Алексей', 'Ирина', NULL, 0, 4545, 160497, '2021-09-08'),
(1549, 'Токин', 'Николай', 'Алёна', NULL, 0, 4545, 69413, '2021-09-08'),
(1550, 'Волков', 'Евгений', 'Николай', NULL, 0, 4545, 132255, '2021-09-08'),
(1551, 'Наумов', 'Юрий', 'Юрий', NULL, 0, 4545, 503, '2021-09-08'),
(1552, 'Власов', 'Алексей', 'Николай', NULL, 0, 4545, 146517, '2021-09-08'),
(1553, 'Волков', 'Евгений', 'Николай', NULL, 0, 4545, 119403, '2021-09-08'),
(1554, 'Белов', 'Анна', 'Ирина', NULL, 0, 4545, 185968, '2021-09-08'),
(1555, 'Шкуренко', 'Влада', 'Влада', NULL, 0, 4545, 24480, '2021-09-08'),
(1556, 'Токин', 'Николай', 'Алёна', NULL, 0, 4545, 66049, '2021-09-08'),
(1557, 'Волков', 'Евгений', 'Николай', NULL, 0, 4545, 120199, '2021-09-08'),
(1558, 'Иванов', 'Ирина', 'Никита', NULL, 0, 4545, 95345, '2021-09-08'),
(1559, 'Белов', 'Анна', 'Ирина', NULL, 0, 4545, 180924, '2021-09-08'),
(1560, 'Токин', 'Николай', 'Никита', NULL, 0, 4545, 84136, '2021-09-08'),
(1561, 'Петренко', 'Никита', 'Алёна', NULL, 0, 4545, 62746, '2021-09-08'),
(1562, 'Волков', 'Евгений', 'Николай', NULL, 0, 4545, 116019, '2021-09-08'),
(1563, 'Шкуренко', 'Влада', 'Юрий', NULL, 0, 4545, 15149, '2021-09-08'),
(1564, 'Волков', 'Евгений', 'Николай', NULL, 0, 4545, 129541, '2021-09-08'),
(1565, 'Наумов', 'Юрий', 'Юрий', NULL, 0, 4545, 2636, '2021-09-08'),
(1566, 'Власов', 'Алексей', 'Ирина', NULL, 0, 4545, 167092, '2021-09-08'),
(1567, 'Иванов', 'Ирина', 'Никита', NULL, 0, 4545, 92256, '2021-09-08'),
(1568, 'Власов', 'Алексей', 'Ирина', NULL, 0, 4545, 152860, '2021-09-08'),
(1569, 'Сорока', 'Алёна', 'Влада', NULL, 0, 4545, 35800, '2021-09-08'),
(1570, 'Петренко', 'Никита', 'Алёна', NULL, 0, 4545, 50156, '2021-09-08'),
(1571, 'Шкуренко', 'Влада', 'Влада', NULL, 0, 4545, 20130, '2021-09-08'),
(1572, 'Сорока', 'Алёна', 'Влада', NULL, 0, 4545, 32604, '2021-09-08'),
(1573, 'Сорока', 'Алёна', 'Влада', NULL, 0, 4545, 27914, '2021-09-08'),
(1574, 'Сорока', 'Алёна', 'Влада', NULL, 0, 4545, 41357, '2021-09-08'),
(1575, 'Шкуренко', 'Влада', 'Юрий', NULL, 0, 4545, 13374, '2021-09-08'),
(1576, 'Шкуренко', 'Влада', 'Влада', NULL, 0, 4545, 24934, '2021-09-08'),
(1577, 'Волков', 'Евгений', 'Николай', NULL, 0, 4545, 120976, '2021-09-08'),
(1578, 'Шкуренко', 'Влада', 'Юрий', NULL, 0, 4545, 17814, '2021-09-08'),
(1579, 'Наумов', 'Юрий', 'Юрий', NULL, 0, 4545, 1505, '2021-09-08'),
(1580, 'Токин', 'Николай', 'Никита', NULL, 0, 4545, 84811, '2021-09-08'),
(1581, 'Петренко', 'Никита', 'Алёна', NULL, 0, 4545, 63350, '2021-09-08'),
(1582, 'Токин', 'Николай', 'Алёна', NULL, 0, 4545, 74118, '2021-09-08'),
(1583, 'Токин', 'Николай', 'Никита', NULL, 0, 4545, 85504, '2021-09-08'),
(1584, 'Петренко', 'Никита', 'Алёна', NULL, 0, 4545, 63971, '2021-09-08'),
(1585, 'Шкуренко', 'Влада', 'Юрий', NULL, 0, 4545, 15980, '2021-09-08'),
(1586, 'Шкуренко', 'Влада', 'Влада', NULL, 0, 4545, 23411, '2021-09-08'),
(1587, 'Сорока', 'Алёна', 'Влада', NULL, 0, 4545, 36303, '2021-09-08'),
(1588, 'Белов', 'Анна', 'Ирина', NULL, 0, 4545, 168906, '2021-09-08'),
(1589, 'Белов', 'Анна', 'Ирина', NULL, 0, 4545, 193949, '2021-09-08'),
(1590, 'Власов', 'Алексей', 'Ирина', NULL, 0, 4545, 163163, '2021-09-08'),
(1591, 'Белов', 'Анна', 'Ирина', NULL, 0, 4545, 178736, '2021-09-08'),
(1592, 'Шкуренко', 'Влада', 'Влада', NULL, 0, 4545, 21011, '2021-09-08'),
(1593, 'Сорока', 'Алёна', 'Влада', NULL, 0, 4545, 33598, '2021-09-08'),
(1594, 'Волков', 'Евгений', 'Николай', NULL, 0, 4545, 114208, '2021-09-08'),
(1595, 'Волков', 'Евгений', 'Николай', NULL, 0, 4545, 135545, '2021-09-08'),
(1596, 'Иванов', 'Ирина', 'Никита', NULL, 0, 4545, 89897, '2021-09-08'),
(1597, 'Петренко', 'Никита', 'Алёна', NULL, 0, 4545, 51869, '2021-09-08'),
(1598, 'Наумов', 'Юрий', 'Юрий', NULL, 0, 4545, 11629, '2021-09-08'),
(1599, 'Белов', 'Анна', 'Ирина', NULL, 0, 4545, 173780, '2021-09-08'),
(1600, 'Токин', 'Николай', 'Никита', NULL, 0, 4545, 78953, '2021-09-08'),
(1601, 'Власов', 'Алексей', 'Николай', NULL, 0, 4545, 144500, '2021-09-08'),
(1602, 'Петренко', 'Никита', 'Алёна', NULL, 0, 4545, 58103, '2021-09-08'),
(1603, 'Власов', 'Алексей', 'Ирина', NULL, 0, 4545, 159295, '2021-09-08'),
(1604, 'Токин', 'Николай', 'Алёна', NULL, 0, 4545, 68556, '2021-09-08'),
(1605, 'Шкуренко', 'Влада', 'Юрий', NULL, 0, 4545, 19109, '2021-09-08'),
(1606, 'Наумов', 'Юрий', 'Юрий', NULL, 0, 4545, 5936, '2021-09-08'),
(1607, 'Шкуренко', 'Влада', 'Юрий', NULL, 0, 4545, 16393, '2021-09-08'),
(1608, 'Белов', 'Анна', 'Ирина', NULL, 0, 4545, 184686, '2021-09-08'),
(1609, 'Петренко', 'Никита', 'Алёна', NULL, 0, 4545, 54949, '2021-09-08'),
(1610, 'Шкуренко', 'Влада', 'Влада', NULL, 0, 4545, 23861, '2021-09-08'),
(1611, 'Наумов', 'Юрий', 'Юрий', NULL, 0, 4545, 391, '2021-09-08'),
(1612, 'Наумов', 'Юрий', 'Юрий', NULL, 0, 4545, 9935, '2021-09-08'),
(1613, 'Белов', 'Анна', 'Ирина', NULL, 0, 4545, 169804, '2021-09-08'),
(1614, 'Шкуренко', 'Влада', 'Юрий', NULL, 0, 4545, 16820, '2021-09-08'),
(1615, 'Иванов', 'Ирина', 'Никита', NULL, 0, 4545, 94377, '2021-09-08'),
(1616, 'Волков', 'Евгений', 'Николай', NULL, 0, 4545, 114190, '2021-09-08'),
(1617, 'Токин', 'Николай', 'Алёна', NULL, 0, 4545, 71950, '2021-09-08'),
(1618, 'Петренко', 'Никита', 'Алёна', NULL, 0, 4545, 51855, '2021-09-08'),
(1619, 'Власов', 'Алексей', 'Николай', NULL, 0, 4545, 141682, '2021-09-08'),
(1620, 'Наумов', 'Юрий', 'Юрий', NULL, 0, 4545, 7901, '2021-09-08'),
(1621, 'Власов', 'Алексей', 'Ирина', NULL, 0, 4545, 164958, '2021-09-08'),
(1622, 'Сорока', 'Алёна', 'Влада', NULL, 0, 4545, 42955, '2021-09-08'),
(1623, 'Власов', 'Алексей', 'Николай', NULL, 0, 4545, 150805, '2021-09-08'),
(1624, 'Наумов', 'Юрий', 'Юрий', NULL, 0, 4545, 8280, '2021-09-08'),
(1625, 'Токин', 'Николай', 'Никита', NULL, 0, 4545, 79610, '2021-09-08');

--
-- Триггеры `client`
--
DELIMITER $$
CREATE TRIGGER `2delclent` BEFORE DELETE ON `client` FOR EACH ROW DELETE FROM audit_log WHERE client = OLD.number
$$
DELIMITER ;
DELIMITER $$
CREATE TRIGGER `dobavus` BEFORE INSERT ON `client` FOR EACH ROW INSERT INTO `audit_log`(`id`,`client`,`tup`,`hous`) VALUES (NULL,'1','4',CURRENT_USER())
$$
DELIMITER ;
DELIMITER $$
CREATE TRIGGER `findob` AFTER INSERT ON `client` FOR EACH ROW INSERT INTO `audit_log` (`id`, `client`,`tup`,`hous`) VALUES (NULL, NEW.number, '5', CURRENT_USER)
$$
DELIMITER ;
DELIMITER $$
CREATE TRIGGER `poslred` AFTER UPDATE ON `client` FOR EACH ROW INSERT INTO `audit_log`(`id`,`client`,`tup`,`hous`) VALUES (NULL,NEW.number,'6', CURRENT_USER())
$$
DELIMITER ;
DELIMITER $$
CREATE TRIGGER `predobnov` BEFORE UPDATE ON `client` FOR EACH ROW INSERT INTO `audit_log` (`id`,`client`,`tup`,`hous`) VALUES (NUll, NEW.number,'7', CURRENT_USER())
$$
DELIMITER ;

-- --------------------------------------------------------

--
-- Структура таблицы `debt`
--

CREATE TABLE `debt` (
  `id` int NOT NULL,
  `client` int NOT NULL,
  `symm` int NOT NULL
) ENGINE=InnoDB DEFAULT CHARSET=utf8;

-- --------------------------------------------------------

--
-- Структура таблицы `department`
--

CREATE TABLE `department` (
  `id` int NOT NULL,
  `filial` int NOT NULL,
  `name` text NOT NULL,
  `number` varchar(7) NOT NULL,
  `district` int NOT NULL,
  `year` year NOT NULL
) ENGINE=InnoDB DEFAULT CHARSET=utf8;

--
-- Дамп данных таблицы `department`
--

INSERT INTO `department` (`id`, `filial`, `name`, `number`, `district`, `year`) VALUES
(1, 4, 'Отделение', '1', 3, 2000),
(2, 1, 'Отделение', '140', 1, 2005),
(3, 2, 'Отделение', '231', 1, 2009),
(4, 3, 'Отделение', '481', 2, 2019),
(5, 1, 'Отделение', '97', 1, 2003),
(6, 1, 'Отделение', '125', 1, 2004),
(7, 2, 'Отделение', '293', 2, 2011),
(8, 3, 'Отделение', '446', 2, 2017),
(9, 1, 'Отделение', '72', 1, 2002),
(10, 3, 'Отделение', '338', 2, 2013),
(11, 2, 'Отделение', '187', 1, 2007),
(12, 2, 'Отделение', '312', 2, 2012),
(13, 3, 'Отделение', '340', 2, 2013),
(14, 2, 'Отделение', '189', 1, 2007),
(15, 3, 'Отделение', '357', 2, 2014),
(16, 3, 'Отделение', '483', 2, 2019),
(17, 3, 'Отделение', '429', 2, 2017),
(18, 2, 'Отделение', '277', 2, 2011),
(19, 2, 'Отделение', '305', 2, 2012),
(20, 1, 'Отделение', '154', 1, 2006),
(21, 2, 'Отделение', '253', 2, 2010),
(22, 1, 'Отделение', '91', 1, 2003),
(23, 3, 'Отделение', '439', 2, 2017),
(24, 2, 'Отделение', '190', 1, 2007),
(25, 1, 'Отделение', '121', 1, 2004),
(26, 2, 'Отделение', '236', 1, 2009),
(27, 2, 'Отделение', '182', 1, 2007),
(28, 2, 'Отделение', '209', 1, 2008),
(29, 3, 'Отделение', '378', 2, 2015),
(30, 1, 'Отделение', '4', 1, 2000),
(31, 1, 'Отделение', '76', 1, 2003),
(32, 2, 'Отделение', '201', 1, 2008),
(33, 1, 'Отделение', '49', 1, 2001),
(34, 1, 'Отделение', '77', 1, 2003),
(35, 2, 'Отделение', '246', 1, 2009),
(36, 3, 'Отделение', '453', 2, 2018),
(37, 2, 'Отделение', '301', 2, 2012),
(38, 2, 'Отделение', '247', 1, 2009),
(39, 1, 'Отделение', '96', 1, 2003),
(40, 3, 'Отделение', '362', 2, 2014),
(41, 3, 'Отделение', '390', 2, 2015),
(42, 1, 'Отделение', '60', 1, 2002),
(43, 2, 'Отделение', '267', 2, 2010),
(44, 2, 'Отделение', '256', 2, 2010),
(45, 2, 'Отделение', '240', 1, 2009),
(46, 1, 'Отделение', '7', 1, 2000),
(47, 1, 'Отделение', '133', 1, 2005),
(48, 3, 'Отделение', '437', 2, 2017),
(49, 1, 'Отделение', '160', 1, 2006),
(50, 1, 'Отделение', '107', 1, 2004),
(51, 1, 'Отделение', '53', 1, 2002),
(52, 2, 'Отделение', '178', 1, 2007),
(53, 2, 'Отделение', '206', 1, 2008),
(54, 2, 'Отделение', '249', 1, 2009),
(55, 1, 'Отделение', '54', 1, 2002),
(56, 2, 'Отделение', '195', 1, 2007),
(57, 3, 'Отделение', '499', 2, 2019),
(58, 3, 'Отделение', '402', 2, 2016),
(59, 2, 'Отделение', '251', 2, 2010),
(60, 2, 'Отделение', '294', 2, 2011),
(61, 1, 'Отделение', '99', 1, 2003),
(62, 2, 'Отделение', '225', 1, 2008),
(63, 2, 'Отделение', '268', 2, 2010),
(64, 3, 'Отделение', '393', 2, 2015),
(65, 2, 'Отделение', '296', 2, 2011),
(66, 3, 'Отделение', '339', 2, 2013),
(67, 2, 'Отделение', '242', 1, 2009),
(68, 2, 'Отделение', '286', 2, 2011),
(69, 3, 'Отделение', '411', 2, 2016),
(70, 2, 'Отделение', '313', 2, 2012),
(71, 2, 'Отделение', '259', 2, 2010),
(72, 3, 'Отделение', '482', 2, 2019),
(73, 1, 'Отделение', '108', 1, 2004),
(74, 3, 'Отделение', '412', 2, 2016),
(75, 2, 'Отделение', '315', 2, 2012),
(76, 3, 'Отделение', '456', 2, 2018),
(77, 3, 'Отделение', '358', 2, 2014),
(78, 1, 'Отделение', '164', 1, 2006),
(79, 1, 'Отделение', '28', 1, 2001),
(80, 2, 'Отделение', '235', 1, 2009),
(81, 1, 'Отделение', '2', 1, 2000),
(82, 2, 'Отделение', '225', 1, 2008),
(83, 1, 'Отделение', '30', 1, 2001),
(84, 1, 'Отделение', '155', 1, 2006),
(85, 1, 'Отделение', '58', 1, 2002),
(86, 1, 'Отделение', '101', 1, 2004),
(87, 1, 'Отделение', '4', 1, 2000),
(88, 3, 'Отделение', '351', 2, 2014),
(89, 3, 'Отделение', '395', 2, 2015),
(90, 2, 'Отделение', '200', 1, 2008),
(91, 2, 'Отделение', '325', 2, 2013),
(92, 2, 'Отделение', '271', 2, 2010),
(93, 2, 'Отделение', '315', 2, 2012),
(94, 2, 'Отделение', '218', 1, 2008),
(95, 3, 'Отделение', '440', 2, 2017),
(96, 3, 'Отделение', '343', 2, 2013),
(97, 1, 'Отделение', '148', 1, 2005),
(98, 2, 'Отделение', '289', 2, 2011),
(99, 1, 'Отделение', '94', 1, 2003),
(100, 3, 'Отделение', '496', 2, 2019),
(101, 2, 'Отделение', '219', 1, 2008),
(102, 3, 'Отделение', '442', 2, 2017),
(103, 3, 'Отделение', '344', 2, 2013),
(104, 2, 'Отделение', '209', 1, 2008),
(105, 1, 'Отделение', '14', 1, 2000),
(106, 1, 'Отделение', '139', 1, 2005),
(107, 2, 'Отделение', '183', 1, 2007),
(108, 3, 'Отделение', '389', 2, 2015),
(109, 1, 'Отделение', '31', 1, 2001),
(110, 3, 'Отделение', '336', 2, 2013),
(111, 2, 'Отделение', '238', 1, 2009),
(112, 1, 'Отделение', '103', 1, 2004),
(113, 3, 'Отделение', '407', 2, 2016),
(114, 2, 'Отделение', '309', 2, 2012),
(115, 2, 'Отделение', '256', 2, 2010),
(116, 3, 'Отделение', '478', 2, 2019),
(117, 2, 'Отделение', '283', 2, 2011),
(118, 1, 'Отделение', '148', 1, 2005),
(119, 1, 'Отделение', '50', 1, 2002),
(120, 2, 'Отделение', '176', 1, 2007),
(121, 1, 'Отделение', '78', 1, 2003),
(122, 1, 'Отделение', '122', 1, 2004),
(123, 1, 'Отделение', '24', 1, 2000),
(124, 2, 'Отделение', '329', 2, 2013),
(125, 1, 'Отделение', '52', 1, 2002),
(126, 1, 'Отделение', '96', 1, 2003),
(127, 3, 'Отделение', '497', 2, 2019),
(128, 1, 'Отделение', '42', 1, 2001),
(129, 3, 'Отделение', '443', 2, 2017),
(130, 1, 'Отделение', '69', 1, 2002),
(131, 3, 'Отделение', '471', 2, 2018),
(132, 3, 'Отделение', '374', 2, 2014),
(133, 2, 'Отделение', '320', 2, 2012),
(134, 3, 'Отделение', '363', 2, 2014),
(135, 2, 'Отделение', '266', 2, 2010),
(136, 1, 'Отделение', '71', 1, 2002),
(137, 2, 'Отделение', '212', 1, 2008),
(138, 1, 'Отделение', '17', 1, 2000),
(139, 3, 'Отделение', '462', 2, 2018),
(140, 2, 'Отделение', '268', 2, 2010),
(141, 2, 'Отделение', '311', 2, 2012),
(142, 2, 'Отделение', '214', 1, 2008),
(143, 2, 'Отделение', '257', 2, 2010),
(144, 3, 'Отделение', '480', 2, 2019),
(145, 2, 'Отделение', '285', 2, 2011),
(146, 2, 'Отделение', '188', 1, 2007),
(147, 2, 'Отделение', '231', 1, 2009),
(148, 3, 'Отделение', '356', 2, 2014),
(149, 3, 'Отделение', '481', 2, 2019),
(150, 3, 'Отделение', '428', 2, 2017),
(151, 3, 'Отделение', '374', 2, 2014),
(152, 3, 'Отделение', '401', 2, 2016),
(153, 1, 'Отделение', '71', 1, 2002),
(154, 2, 'Отделение', '196', 1, 2007),
(155, 2, 'Отделение', '224', 1, 2008),
(156, 3, 'Отделение', '349', 2, 2013),
(157, 1, 'Отделение', '116', 1, 2004),
(158, 2, 'Отделение', '241', 1, 2009),
(159, 1, 'Отделение', '118', 1, 2004),
(160, 2, 'Отделение', '243', 1, 2009),
(161, 3, 'Отделение', '412', 2, 2016),
(162, 1, 'Отделение', '135', 1, 2005),
(163, 3, 'Отделение', '483', 2, 2019),
(164, 2, 'Отделение', '332', 2, 2013),
(165, 3, 'Отделение', '457', 2, 2018),
(166, 2, 'Отделение', '306', 2, 2012),
(167, 3, 'Отделение', '333', 2, 2013),
(168, 2, 'Отделение', '182', 1, 2007),
(169, 2, 'Отделение', '307', 2, 2012),
(170, 3, 'Отделение', '379', 2, 2015),
(171, 2, 'Отделение', '227', 1, 2009),
(172, 1, 'Отделение', '76', 1, 2003),
(173, 1, 'Отделение', '22', 1, 2000),
(174, 3, 'Отделение', '370', 2, 2014),
(175, 3, 'Отделение', '398', 2, 2015),
(176, 1, 'Отделение', '165', 1, 2006),
(177, 1, 'Отделение', '13', 1, 2000),
(178, 1, 'Отделение', '139', 1, 2005),
(179, 1, 'Отделение', '69', 1, 2002),
(180, 3, 'Отделение', '432', 2, 2017),
(181, 3, 'Отделение', '460', 2, 2018),
(182, 1, 'Отделение', '86', 1, 2003),
(183, 1, 'Отделение', '114', 1, 2004),
(184, 1, 'Отделение', '60', 1, 2002),
(185, 2, 'Отделение', '326', 2, 2013),
(186, 3, 'Отделение', '354', 2, 2014),
(187, 1, 'Отделение', '24', 1, 2000),
(188, 3, 'Отделение', '371', 2, 2014),
(189, 2, 'Отделение', '220', 1, 2008),
(190, 1, 'Отделение', '25', 1, 2000),
(191, 3, 'Отделение', '471', 2, 2018),
(192, 3, 'Отделение', '417', 2, 2016),
(193, 3, 'Отделение', '444', 2, 2017),
(194, 3, 'Отделение', '472', 2, 2018),
(195, 2, 'Отделение', '321', 2, 2012),
(196, 2, 'Отделение', '170', 1, 2006),
(197, 2, 'Отделение', '284', 2, 2011),
(198, 3, 'Отделение', '491', 2, 2019),
(199, 3, 'Отделение', '340', 2, 2013),
(200, 2, 'Отделение', '189', 1, 2007),
(201, 1, 'Отделение', '135', 1, 2005),
(202, 2, 'Отделение', '303', 2, 2012),
(203, 3, 'Отделение', '375', 2, 2014),
(204, 2, 'Отделение', '277', 2, 2011),
(205, 1, 'Отделение', '83', 1, 2003),
(206, 3, 'Отделение', '446', 2, 2017),
(207, 3, 'Отделение', '349', 2, 2013),
(208, 3, 'Отделение', '376', 2, 2015),
(209, 1, 'Отделение', '100', 1, 2003),
(210, 1, 'Отделение', '46', 1, 2001),
(211, 3, 'Отделение', '394', 2, 2015),
(212, 3, 'Отделение', '422', 2, 2016),
(213, 2, 'Отделение', '189', 1, 2007),
(214, 1, 'Отделение', '119', 1, 2004),
(215, 2, 'Отделение', '244', 1, 2009),
(216, 1, 'Отделение', '93', 1, 2003),
(217, 1, 'Отделение', '39', 1, 2001),
(218, 3, 'Отделение', '387', 2, 2015),
(219, 2, 'Отделение', '235', 1, 2009),
(220, 1, 'Отделение', '84', 1, 2003),
(221, 2, 'Отделение', '209', 1, 2008),
(222, 3, 'Отделение', '475', 2, 2019),
(223, 3, 'Отделение', '406', 2, 2016),
(224, 3, 'Отделение', '352', 2, 2014);

-- --------------------------------------------------------

--
-- Структура таблицы `district`
--

CREATE TABLE `district` (
  `id` int NOT NULL,
  `name` varchar(30) NOT NULL
) ENGINE=InnoDB DEFAULT CHARSET=utf8;

--
-- Дамп данных таблицы `district`
--

INSERT INTO `district` (`id`, `name`) VALUES
(1, 'Банковат'),
(2, 'Приемное отделение'),
(3, 'Офис');

-- --------------------------------------------------------

--
-- Структура таблицы `fund`
--

CREATE TABLE `fund` (
  `id` int NOT NULL,
  `fund_bank` int NOT NULL
) ENGINE=InnoDB DEFAULT CHARSET=utf8;

--
-- Дамп данных таблицы `fund`
--

INSERT INTO `fund` (`id`, `fund_bank`) VALUES
(1, 100000),
(2, 10000000),
(3, 50000000),
(4, 100000000);

-- --------------------------------------------------------

--
-- Структура таблицы `operations`
--

CREATE TABLE `operations` (
  `id` int NOT NULL,
  `name` varchar(50) NOT NULL
) ENGINE=InnoDB DEFAULT CHARSET=utf8;

-- --------------------------------------------------------

--
-- Структура таблицы `service`
--

CREATE TABLE `service` (
  `id` int NOT NULL,
  `tupe_service` text NOT NULL
) ENGINE=InnoDB DEFAULT CHARSET=utf8;

--
-- Дамп данных таблицы `service`
--

INSERT INTO `service` (`id`, `tupe_service`) VALUES
(1, 'Промышленный'),
(2, 'Частные лица'),
(3, 'Селхоз промышленность');

-- --------------------------------------------------------

--
-- Структура таблицы `true_operations`
--

CREATE TABLE `true_operations` (
  `id` int NOT NULL,
  `client` int NOT NULL,
  `type_op` int NOT NULL,
  `combination` int NOT NULL,
  `depart` int NOT NULL,
  `date` date NOT NULL
) ENGINE=InnoDB DEFAULT CHARSET=utf8;

-- --------------------------------------------------------

--
-- Структура таблицы `tupi`
--

CREATE TABLE `tupi` (
  `id` int NOT NULL,
  `text` text NOT NULL
) ENGINE=InnoDB DEFAULT CHARSET=utf8;

-- --------------------------------------------------------

--
-- Структура таблицы `type_bank`
--

CREATE TABLE `type_bank` (
  `id` int NOT NULL,
  `type` text NOT NULL
) ENGINE=InnoDB DEFAULT CHARSET=utf8;

--
-- Дамп данных таблицы `type_bank`
--

INSERT INTO `type_bank` (`id`, `type`) VALUES
(1, 'Дебитовый'),
(2, 'Кредитный'),
(3, 'Учебный'),
(4, 'Региональный');

--
-- Индексы сохранённых таблиц
--

--
-- Индексы таблицы `audit_log`
--
ALTER TABLE `audit_log`
  ADD PRIMARY KEY (`id`),
  ADD KEY `client` (`client`),
  ADD KEY `tup` (`tup`);

--
-- Индексы таблицы `bank`
--
ALTER TABLE `bank`
  ADD PRIMARY KEY (`id`),
  ADD KEY `type` (`type`),
  ADD KEY `fund` (`fund`),
  ADD KEY `service` (`service`);

--
-- Индексы таблицы `client`
--
ALTER TABLE `client`
  ADD PRIMARY KEY (`id`),
  ADD UNIQUE KEY `number` (`number`);

--
-- Индексы таблицы `debt`
--
ALTER TABLE `debt`
  ADD PRIMARY KEY (`id`),
  ADD KEY `client` (`client`);

--
-- Индексы таблицы `department`
--
ALTER TABLE `department`
  ADD PRIMARY KEY (`id`),
  ADD KEY `district` (`district`),
  ADD KEY `filial` (`filial`);

--
-- Индексы таблицы `district`
--
ALTER TABLE `district`
  ADD PRIMARY KEY (`id`);

--
-- Индексы таблицы `fund`
--
ALTER TABLE `fund`
  ADD PRIMARY KEY (`id`);

--
-- Индексы таблицы `operations`
--
ALTER TABLE `operations`
  ADD PRIMARY KEY (`id`);

--
-- Индексы таблицы `service`
--
ALTER TABLE `service`
  ADD PRIMARY KEY (`id`);

--
-- Индексы таблицы `true_operations`
--
ALTER TABLE `true_operations`
  ADD PRIMARY KEY (`id`),
  ADD KEY `client` (`client`),
  ADD KEY `depart` (`depart`),
  ADD KEY `type_op` (`type_op`);

--
-- Индексы таблицы `tupi`
--
ALTER TABLE `tupi`
  ADD PRIMARY KEY (`id`);

--
-- Индексы таблицы `type_bank`
--
ALTER TABLE `type_bank`
  ADD PRIMARY KEY (`id`);

--
-- AUTO_INCREMENT для сохранённых таблиц
--

--
-- AUTO_INCREMENT для таблицы `audit_log`
--
ALTER TABLE `audit_log`
  MODIFY `id` int NOT NULL AUTO_INCREMENT, AUTO_INCREMENT=44;

--
-- AUTO_INCREMENT для таблицы `bank`
--
ALTER TABLE `bank`
  MODIFY `id` int NOT NULL AUTO_INCREMENT, AUTO_INCREMENT=5;

--
-- AUTO_INCREMENT для таблицы `client`
--
ALTER TABLE `client`
  MODIFY `id` int NOT NULL AUTO_INCREMENT, AUTO_INCREMENT=1629;

--
-- AUTO_INCREMENT для таблицы `debt`
--
ALTER TABLE `debt`
  MODIFY `id` int NOT NULL AUTO_INCREMENT;

--
-- AUTO_INCREMENT для таблицы `department`
--
ALTER TABLE `department`
  MODIFY `id` int NOT NULL AUTO_INCREMENT, AUTO_INCREMENT=225;

--
-- AUTO_INCREMENT для таблицы `district`
--
ALTER TABLE `district`
  MODIFY `id` int NOT NULL AUTO_INCREMENT, AUTO_INCREMENT=4;

--
-- AUTO_INCREMENT для таблицы `fund`
--
ALTER TABLE `fund`
  MODIFY `id` int NOT NULL AUTO_INCREMENT, AUTO_INCREMENT=5;

--
-- AUTO_INCREMENT для таблицы `operations`
--
ALTER TABLE `operations`
  MODIFY `id` int NOT NULL AUTO_INCREMENT;

--
-- AUTO_INCREMENT для таблицы `service`
--
ALTER TABLE `service`
  MODIFY `id` int NOT NULL AUTO_INCREMENT, AUTO_INCREMENT=4;

--
-- AUTO_INCREMENT для таблицы `true_operations`
--
ALTER TABLE `true_operations`
  MODIFY `id` int NOT NULL AUTO_INCREMENT;

--
-- AUTO_INCREMENT для таблицы `tupi`
--
ALTER TABLE `tupi`
  MODIFY `id` int NOT NULL AUTO_INCREMENT;

--
-- AUTO_INCREMENT для таблицы `type_bank`
--
ALTER TABLE `type_bank`
  MODIFY `id` int NOT NULL AUTO_INCREMENT, AUTO_INCREMENT=5;

--
-- Ограничения внешнего ключа сохраненных таблиц
--

--
-- Ограничения внешнего ключа таблицы `audit_log`
--
ALTER TABLE `audit_log`
  ADD CONSTRAINT `audit_log_ibfk_1` FOREIGN KEY (`client`) REFERENCES `client` (`number`) ON DELETE RESTRICT ON UPDATE RESTRICT;

--
-- Ограничения внешнего ключа таблицы `bank`
--
ALTER TABLE `bank`
  ADD CONSTRAINT `bank_ibfk_1` FOREIGN KEY (`type`) REFERENCES `type_bank` (`id`) ON DELETE RESTRICT ON UPDATE RESTRICT,
  ADD CONSTRAINT `bank_ibfk_2` FOREIGN KEY (`fund`) REFERENCES `fund` (`id`) ON DELETE RESTRICT ON UPDATE RESTRICT,
  ADD CONSTRAINT `bank_ibfk_3` FOREIGN KEY (`service`) REFERENCES `service` (`id`) ON DELETE RESTRICT ON UPDATE RESTRICT;

--
-- Ограничения внешнего ключа таблицы `debt`
--
ALTER TABLE `debt`
  ADD CONSTRAINT `debt_ibfk_1` FOREIGN KEY (`client`) REFERENCES `client` (`id`) ON DELETE RESTRICT ON UPDATE RESTRICT;

--
-- Ограничения внешнего ключа таблицы `department`
--
ALTER TABLE `department`
  ADD CONSTRAINT `department_ibfk_1` FOREIGN KEY (`district`) REFERENCES `district` (`id`) ON DELETE RESTRICT ON UPDATE RESTRICT,
  ADD CONSTRAINT `department_ibfk_2` FOREIGN KEY (`filial`) REFERENCES `bank` (`id`) ON DELETE RESTRICT ON UPDATE RESTRICT;

--
-- Ограничения внешнего ключа таблицы `true_operations`
--
ALTER TABLE `true_operations`
  ADD CONSTRAINT `true_operations_ibfk_1` FOREIGN KEY (`client`) REFERENCES `client` (`number`) ON DELETE RESTRICT ON UPDATE RESTRICT,
  ADD CONSTRAINT `true_operations_ibfk_2` FOREIGN KEY (`depart`) REFERENCES `department` (`id`) ON DELETE RESTRICT ON UPDATE RESTRICT,
  ADD CONSTRAINT `true_operations_ibfk_3` FOREIGN KEY (`type_op`) REFERENCES `operations` (`id`) ON DELETE RESTRICT ON UPDATE RESTRICT;

--
-- Ограничения внешнего ключа таблицы `tupi`
--
ALTER TABLE `tupi`
  ADD CONSTRAINT `tupi_ibfk_1` FOREIGN KEY (`id`) REFERENCES `audit_log` (`tup`) ON DELETE RESTRICT ON UPDATE RESTRICT;
COMMIT;

/*!40101 SET CHARACTER_SET_CLIENT=@OLD_CHARACTER_SET_CLIENT */;
/*!40101 SET CHARACTER_SET_RESULTS=@OLD_CHARACTER_SET_RESULTS */;
/*!40101 SET COLLATION_CONNECTION=@OLD_COLLATION_CONNECTION */;
